Workbook

Sheet ClaimIndex
A1: ClaimIndex — every public claim, its evidence and status | H1: About / navigation →
A2: A source match is not clinical validation. Status counts below are live COUNTIF formulas. Workbook value = formula over Sources; Check = stated value within half a unit of its last decimal of the workbook value.
B3: Status | C3: Claims
B4: supported | C4: =COUNTIF($E$16:$E$288,B4) | D4: The stated value or fact matches a saved artifact, report or dataset record named in Sources.
B5: supported-arithmetic | C5: =COUNTIF($E$16:$E$288,B5) | D5: Follows by arithmetic from stated definitions (formula shown); no experiment involved.
B6: tested | C6: =COUNTIF($E$16:$E$288,B6) | D6: Behaviour covered by a test that passed in the saved test record (JUnit) named in the row.
B7: implemented | C7: =COUNTIF($E$16:$E$288,B7) | D7: Present in code or configuration only; no saved passing test is cited for the behaviour.
B8: negative-result | C8: =COUNTIF($E$16:$E$288,B8) | D8: A saved study result that did not meet its declared bar; reported as negative, not as a gain.
B9: author-reported | C9: =COUNTIF($E$16:$E$288,B9) | D9: Stated by the team without a saved log, artifact or primary source in the repository.
B10: proposed/illustrative | C10: =COUNTIF($E$16:$E$288,B10) | D10: A proposal, scenario or illustration; not an evidential claim.
B11: pending | C11: =COUNTIF($E$16:$E$288,B11) | D11: Evidence is not on this installation or a primary-source check is still to be done.
B12: unsupported/contradicted | C12: =COUNTIF($E$16:$E$288,B12) | D12: The saved source disagrees with the stated value, or no support exists.
B13: total | C13: =COUNTA($A$16:$A$288)
A15: Claim ID | B15: Exact claim | C15: Location(s) | D15: Evaluation / model scope | E15: Status | F15: Source IDs | G15: Workbook value (formula) | H15: Stated value | I15: Decimals | J15: Check | K15: Material limitation | L15: Unresolved action | M15: Manifest group | check
A16: C-SRV-01 | B16: The app serves lightgbm.dyn-prof-v2.gt-primary-2026-10-13-fusion for recorded data | C16: README.md (Results at a glance); reports/evidence_manifest.md; README §7 | D16: Software configuration | E16: supported | F16: reg.serving; registry | G16: — | H16: — | J16: — | M16: serving-identity | serving model (recorded data)
A17: C-FC-01 | B17: Serving MAE 12.96 mg/dL at 30 min | C17: README.md (Results at a glance); reports/evidence_manifest.md; Deck s11; Deck s13; narration scene 8 | D17: Serving model, final test segment (later recordings of the same 14 people; retrospective, inspected) | E17: supported | F17: fus.serv.mae30 | G17: =IF(AND(ISNUMBER(Sources!$C$25)),Sources!$C$25,"unavailable") | H17: 12.96 | I17: 2 | J17: =IF(ISNUMBER(G17),IF(ABS(G17-H17)<=0.5*10^(-I17)+1E-9,"matches","MISMATCH"),"pending") | K17: Same 14 people as training; macro over participants | M17: demo-forecast | MAE 30
A18: C-FC-02 | B18: Serving MAE 20.26 mg/dL at 60 min | C18: README.md (Results at a glance); reports/evidence_manifest.md; Deck s11; Deck s13 | D18: Serving model, final test segment (later recordings of the same 14 people; retrospective, inspected) | E18: supported | F18: fus.serv.mae60 | G18: =IF(AND(ISNUMBER(Sources!$C$29)),Sources!$C$29,"unavailable") | H18: 20.26 | I18: 2 | J18: =IF(ISNUMBER(G18),IF(ABS(G18-H18)<=0.5*10^(-I18)+1E-9,"matches","MISMATCH"),"pending") | K18: Same 14 people as training | M18: demo-forecast | MAE 60
A19: C-FC-03 | B19: Persistence MAE 14.84 mg/dL at 30 min (same origins) | C19: README.md (Results at a glance); reports/evidence_manifest.md; Deck s11; Deck s13 | D19: Serving model, final test segment (later recordings of the same 14 people; retrospective, inspected) | E19: supported | F19: fus.pers.mae30 | G19: =IF(AND(ISNUMBER(Sources!$C$5)),Sources!$C$5,"unavailable") | H19: 14.84 | I19: 2 | J19: =IF(ISNUMBER(G19),IF(ABS(G19-H19)<=0.5*10^(-I19)+1E-9,"matches","MISMATCH"),"pending") | M19: demo-forecast | persistence 30
A20: C-FC-04 | B20: Persistence MAE 23.23 mg/dL at 60 min (same origins) | C20: README.md (Results at a glance); reports/evidence_manifest.md; Deck s11; Deck s13 | D20: Serving model, final test segment (later recordings of the same 14 people; retrospective, inspected) | E20: supported | F20: fus.pers.mae60 | G20: =IF(AND(ISNUMBER(Sources!$C$7)),Sources!$C$7,"unavailable") | H20: 23.23 | I20: 2 | J20: =IF(ISNUMBER(G20),IF(ABS(G20-H20)<=0.5*10^(-I20)+1E-9,"matches","MISMATCH"),"pending") | M20: demo-forecast | persistence 60
A21: C-WN-01 | B21: 61 new high-glucose onsets warned (60-min warning) | C21: README.md (Results at a glance); reports/evidence_manifest.md; Deck s13 | D21: Serving model, final test segment (later recordings of the same 14 people; retrospective, inspected) | E21: supported | F21: fus.ev.detected_onsets | G21: =IF(AND(ISNUMBER(Sources!$C$62)),Sources!$C$62,"unavailable") | H21: 61 | I21: 0 | J21: =IF(ISNUMBER(G21),IF(ABS(G21-H21)<=0.5*10^(-I21)+1E-9,"matches","MISMATCH"),"pending") | K21: Research event definition; not triage | M21: demo-warning | onsets warned
A22: C-WN-02 | B22: 64 new high-glucose onsets in the final test segment | C22: README.md (Results at a glance); reports/evidence_manifest.md; Deck s13 | D22: Serving model, final test segment (later recordings of the same 14 people; retrospective, inspected) | E22: supported | F22: fus.ev.true_onsets | G22: =IF(AND(ISNUMBER(Sources!$C$61)),Sources!$C$61,"unavailable") | H22: 64 | I22: 0 | J22: =IF(ISNUMBER(G22),IF(ABS(G22-H22)<=0.5*10^(-I22)+1E-9,"matches","MISMATCH"),"pending") | K22: Onsets ≠ origins ≠ participants | M22: demo-warning | onsets
A23: C-WN-03 | B23: 40 false alarms | C23: README.md (Results at a glance); reports/evidence_manifest.md | D23: Serving model, final test segment (later recordings of the same 14 people; retrospective, inspected) | E23: supported | F23: fus.ev.false_alarm_episodes | G23: =IF(AND(ISNUMBER(Sources!$C$64)),Sources!$C$64,"unavailable") | H23: 40 | I23: 0 | J23: =IF(ISNUMBER(G23),IF(ABS(G23-H23)<=0.5*10^(-I23)+1E-9,"matches","MISMATCH"),"pending") | M23: demo-warning | false alarms
A24: C-WN-04 | B24: 1.49 false alarms per observed patient-day | C24: README.md (Results at a glance); reports/evidence_manifest.md; Deck s13 | D24: Serving model, final test segment (later recordings of the same 14 people; retrospective, inspected) | E24: supported | F24: fus.ev.false_alarm_episodes; fus.ev.observed_patient_days | G24: =IF(AND(ISNUMBER(Sources!$C$64),ISNUMBER(Sources!$C$67)),Sources!$C$64/Sources!$C$67,"unavailable") | H24: 1.49 | I24: 2 | J24: =IF(ISNUMBER(G24),IF(ABS(G24-H24)<=0.5*10^(-I24)+1E-9,"matches","MISMATCH"),"pending") | K24: Denominator = observed patient-days from saved event metadata (approximate time base: issued origins × 5 min) | M24: demo-warning | false alarms per observed day
A25: C-WN-05 | B25: Median forecast lead 30 min among detected onsets | C25: README.md (Results at a glance); reports/evidence_manifest.md; narration metric card | D25: Serving model, final test segment (later recordings of the same 14 people; retrospective, inspected) | E25: supported | F25: fus.ev.qualified_lead_median | G25: =IF(AND(ISNUMBER(Sources!$C$70)),Sources!$C$70,"unavailable") | H25: 30 | I25: 0 | J25: =IF(ISNUMBER(G25),IF(ABS(G25-H25)<=0.5*10^(-I25)+1E-9,"matches","MISMATCH"),"pending") | K25: Denominator = detected onsets with a qualified lead (61), not all onsets | M25: demo-warning | median forecast lead
A26: C-WN-06 | B26: Warning active at 11.8 % of eligible times | C26: README.md (Results at a glance); reports/evidence_manifest.md; reports/warning_time_share.md; narration metric card | D26: Serving model, final test segment (later recordings of the same 14 people; retrospective, inspected) | E26: supported | F26: wu.firing; wu.eligible | G26: =IF(AND(ISNUMBER(Sources!$C$128),ISNUMBER(Sources!$C$129)),Sources!$C$128/Sources!$C$129*100,"unavailable") | H26: 11.8 | I26: 1 | J26: =IF(ISNUMBER(G26),IF(ABS(G26-H26)<=0.5*10^(-I26)+1E-9,"matches","MISMATCH"),"pending") | K26: Post-hoc diagnostic | M26: demo-time-in-warning | share of eligible times warning
A27: C-RG-01 | B27: Served 80 % ranges covered 74.2 % at 30 min (under-coverage) | C27: README.md (Results at a glance); reports/evidence_manifest.md; Deck s10; Deck s11; Deck s14 | D27: Serving model, final test segment (later recordings of the same 14 people; retrospective, inspected) | E27: supported | F27: fus.iv.coverage30 | G27: =IF(AND(ISNUMBER(Sources!$C$79)),Sources!$C$79*100,"unavailable") | H27: 74.2 | I27: 1 | J27: =IF(ISNUMBER(G27),IF(ABS(G27-H27)<=0.5*10^(-I27)+1E-9,"matches","MISMATCH"),"pending") | K27: Pooled over origins; per-person coverage varies | M27: demo-ranges | demo coverage 30
A28: C-RG-02 | B28: Served 80 % ranges covered 74.0 % at 60 min (under-coverage) | C28: README.md (Results at a glance); reports/evidence_manifest.md; Deck s11; Deck s14 | D28: Serving model, final test segment (later recordings of the same 14 people; retrospective, inspected) | E28: supported | F28: fus.iv.coverage60 | G28: =IF(AND(ISNUMBER(Sources!$C$85)),Sources!$C$85*100,"unavailable") | H28: 74 | I28: 1 | J28: =IF(ISNUMBER(G28),IF(ABS(G28-H28)<=0.5*10^(-I28)+1E-9,"matches","MISMATCH"),"pending") | M28: demo-ranges | demo coverage 60
A29: C-RG-03 | B29: Research procedure ranges covered 80.1 % at 30 min (people held out) | C29: README.md (Results at a glance); reports/evidence_manifest.md | D29: Participant-held-out internal (14 CGMacros people, each held out once; previously inspected) | E29: supported | F29: nest.cov30 | G29: =IF(AND(ISNUMBER(Sources!$C$197)),Sources!$C$197*100,"unavailable") | H29: 80.1 | I29: 1 | J29: =IF(ISNUMBER(G29),IF(ABS(G29-H29)<=0.5*10^(-I29)+1E-9,"matches","MISMATCH"),"pending") | K29: Different procedure from the served model | M29: demo-ranges | nested research coverage 30
A30: C-RG-04 | B30: Research procedure ranges covered 78.8 % at 60 min (people held out) | C30: README.md (Results at a glance); reports/evidence_manifest.md | D30: Participant-held-out internal (14 CGMacros people, each held out once; previously inspected) | E30: supported | F30: nest.cov60 | G30: =IF(AND(ISNUMBER(Sources!$C$209)),Sources!$C$209*100,"unavailable") | H30: 78.8 | I30: 1 | J30: =IF(ISNUMBER(G30),IF(ABS(G30-H30)<=0.5*10^(-I30)+1E-9,"matches","MISMATCH"),"pending") | M30: demo-ranges | nested research coverage 60
A31: C-NS-01 | B31: Research candidate MAE 13.88 at 30 min (D-032) | C31: README.md (Results at a glance); reports/evidence_manifest.md; Deck s11; narration scene 8 | D31: Participant-held-out internal (14 CGMacros people, each held out once; previously inspected) | E31: supported | F31: nest.sel.mae30 | G31: =IF(AND(ISNUMBER(Sources!$C$191)),Sources!$C$191,"unavailable") | H31: 13.88 | I31: 2 | J31: =IF(ISNUMBER(G31),IF(ABS(G31-H31)<=0.5*10^(-I31)+1E-9,"matches","MISMATCH"),"pending") | K31: Not served; cohort previously inspected | M31: nested-forecast | MAE 30
A32: C-NS-02 | B32: Research candidate MAE 22.30 at 60 min (D-032) | C32: README.md (Results at a glance); reports/evidence_manifest.md; Deck s11 | D32: Participant-held-out internal (14 CGMacros people, each held out once; previously inspected) | E32: supported | F32: nest.sel.mae60 | G32: =IF(AND(ISNUMBER(Sources!$C$192)),Sources!$C$192,"unavailable") | H32: 22.3 | I32: 2 | J32: =IF(ISNUMBER(G32),IF(ABS(G32-H32)<=0.5*10^(-I32)+1E-9,"matches","MISMATCH"),"pending") | K32: Source value 22.305 is an exact rounding tie at the source's own precision; stated 22.3 is one of its two valid roundings | M32: nested-forecast | MAE 60
A33: C-NS-03 | B33: Nested persistence 15.34 at 30 min | C33: README.md (Results at a glance); reports/evidence_manifest.md; Deck s11 | D33: Participant-held-out internal (14 CGMacros people, each held out once; previously inspected) | E33: supported | F33: nest.pers.mae30 | G33: =IF(AND(ISNUMBER(Sources!$C$193)),Sources!$C$193,"unavailable") | H33: 15.34 | I33: 2 | J33: =IF(ISNUMBER(G33),IF(ABS(G33-H33)<=0.5*10^(-I33)+1E-9,"matches","MISMATCH"),"pending") | M33: nested-forecast | persistence 30
A34: C-NS-04 | B34: Nested persistence 24.47 at 60 min | C34: README.md (Results at a glance); reports/evidence_manifest.md; Deck s11 | D34: Participant-held-out internal (14 CGMacros people, each held out once; previously inspected) | E34: supported | F34: nest.pers.mae60 | G34: =IF(AND(ISNUMBER(Sources!$C$194)),Sources!$C$194,"unavailable") | H34: 24.47 | I34: 2 | J34: =IF(ISNUMBER(G34),IF(ABS(G34-H34)<=0.5*10^(-I34)+1E-9,"matches","MISMATCH"),"pending") | M34: nested-forecast | persistence 60
A35: C-NS-05 | B35: Ridge on CGM only chosen in 4 of 5 folds | C35: README.md (Results at a glance); reports/evidence_manifest.md; Deck s11 | D35: Participant-held-out internal (14 CGMacros people, each held out once; previously inspected) | E35: supported | F35: nest.ridge_folds | G35: =IF(AND(ISNUMBER(Sources!$C$221)),Sources!$C$221,"unavailable") | H35: 4 | I35: 0 | J35: =IF(ISNUMBER(G35),IF(ABS(G35-H35)<=0.5*10^(-I35)+1E-9,"matches","MISMATCH"),"pending") | M35: nested-forecast | folds choosing Ridge CGM-only
A36: C-EX-01 | B36: External 15-min LightGBM MAE 11.15 at 30 min | C36: README.md (Results at a glance); reports/evidence_manifest.md | D36: External ShanghaiT2DM, 98 people, CGM-only procedure (not the serving fusion model) | E36: supported | F36: ext.cand.mae30 | G36: =IF(AND(ISNUMBER(Sources!$C$201)),Sources!$C$201,"unavailable") | H36: 11.15 | I36: 2 | J36: =IF(ISNUMBER(G36),IF(ABS(G36-H36)<=0.5*10^(-I36)+1E-9,"matches","MISMATCH"),"pending") | K36: CGM only; tests the forecasting core, not the fusion | M36: external-15min | MAE 30
A37: C-EX-02 | B37: External 15-min LightGBM MAE 20.11 at 60 min | C37: README.md (Results at a glance); reports/evidence_manifest.md | D37: External ShanghaiT2DM, 98 people, CGM-only procedure (not the serving fusion model) | E37: supported | F37: ext.cand.mae60 | G37: =IF(AND(ISNUMBER(Sources!$C$213)),Sources!$C$213,"unavailable") | H37: 20.11 | I37: 2 | J37: =IF(ISNUMBER(G37),IF(ABS(G37-H37)<=0.5*10^(-I37)+1E-9,"matches","MISMATCH"),"pending") | K37: Source value 20.105 is an exact rounding tie at the source's own precision; stated 20.11 is one of its two valid roundings | M37: external-15min | MAE 60
A38: C-EX-03 | B38: External persistence 12.14 at 30 min | C38: README.md (Results at a glance); reports/evidence_manifest.md | D38: External ShanghaiT2DM, 98 people, CGM-only procedure (not the serving fusion model) | E38: supported | F38: ext.pers.mae30 | G38: =IF(AND(ISNUMBER(Sources!$C$202)),Sources!$C$202,"unavailable") | H38: 12.14 | I38: 2 | J38: =IF(ISNUMBER(G38),IF(ABS(G38-H38)<=0.5*10^(-I38)+1E-9,"matches","MISMATCH"),"pending") | K38: Source value 12.145 is an exact rounding tie at the source's own precision; stated 12.14 is one of its two valid roundings | M38: external-15min | persistence 30
A39: C-EX-04 | B39: External persistence 20.44 at 60 min | C39: README.md (Results at a glance); reports/evidence_manifest.md | D39: External ShanghaiT2DM, 98 people, CGM-only procedure (not the serving fusion model) | E39: supported | F39: ext.pers.mae60 | G39: =IF(AND(ISNUMBER(Sources!$C$214)),Sources!$C$214,"unavailable") | H39: 20.44 | I39: 2 | J39: =IF(ISNUMBER(G39),IF(ABS(G39-H39)<=0.5*10^(-I39)+1E-9,"matches","MISMATCH"),"pending") | M39: external-15min | persistence 60
A40: C-EX-05 | B40: External 60-minute difference is inconclusive (95 % CI upper bound above 0) | C40: README.md (Results at a glance); reports/evidence_manifest.md | D40: External ShanghaiT2DM, 98 people, CGM-only procedure (not the serving fusion model) | E40: supported | F40: ext.cmp.hi60; ext.cmp.lo60; ext.cmp.hi60 | G40: =IF(AND(ISNUMBER(Sources!$C$217)),Sources!$C$217,"unavailable") | H40: — | J40: see limitation | K40: Interval crosses zero | M40: external-15min | 60-minute difference
A41: C-PF-01 | B41: Profile minus no profile (held out) +0.34 mg/dL at 30 min | C41: README.md (Results at a glance); reports/evidence_manifest.md; README §7 | D41: Participant-held-out internal (14 CGMacros people, each held out once; previously inspected) | E41: negative-result | F41: nest.prof.d30 | G41: =IF(AND(ISNUMBER(Sources!$C$198)),Sources!$C$198,"unavailable") | H41: 0.34 | I41: 2 | J41: =IF(ISNUMBER(G41),IF(ABS(G41-H41)<=0.5*10^(-I41)+1E-9,"matches","MISMATCH"),"pending") | K41: CI [−0.28, +0.89] crosses zero: no reliable benefit; Source value 0.335 is an exact rounding tie at the source's own precision; stated 0.34 is one of its two valid roundings | M41: profile-ablation-nested | profile minus no profile, 30 min
A42: C-PF-02 | B42: Profile minus no profile (held out) −0.75 mg/dL at 60 min | C42: README.md (Results at a glance); reports/evidence_manifest.md; README §7; Deck s14 | D42: Participant-held-out internal (14 CGMacros people, each held out once; previously inspected) | E42: negative-result | F42: nest.prof.d60 | G42: =IF(AND(ISNUMBER(Sources!$C$210)),Sources!$C$210,"unavailable") | H42: -0.75 | I42: 2 | J42: =IF(ISNUMBER(G42),IF(ABS(G42-H42)<=0.5*10^(-I42)+1E-9,"matches","MISMATCH"),"pending") | K42: CI [−2.19, +0.61] crosses zero | M42: profile-ablation-nested | profile minus no profile, 60 min
A43: C-PF-03 | B43: Profile ablation 30-min CI lower −0.28 | C43: README.md (Results at a glance); reports/evidence_manifest.md | D43: Participant-held-out internal (14 CGMacros people, each held out once; previously inspected) | E43: supported | F43: nest.prof.lo30 | G43: =IF(AND(ISNUMBER(Sources!$C$199)),Sources!$C$199,"unavailable") | H43: -0.28 | I43: 2 | J43: =IF(ISNUMBER(G43),IF(ABS(G43-H43)<=0.5*10^(-I43)+1E-9,"matches","MISMATCH"),"pending") | K43: Source value -0.275 is an exact rounding tie at the source's own precision; stated -0.28 is one of its two valid roundings
A44: C-PF-04 | B44: Profile ablation 30-min CI upper +0.89 | C44: README.md (Results at a glance); reports/evidence_manifest.md | D44: Participant-held-out internal (14 CGMacros people, each held out once; previously inspected) | E44: supported | F44: nest.prof.hi30 | G44: =IF(AND(ISNUMBER(Sources!$C$200)),Sources!$C$200,"unavailable") | H44: 0.89 | I44: 2 | J44: =IF(ISNUMBER(G44),IF(ABS(G44-H44)<=0.5*10^(-I44)+1E-9,"matches","MISMATCH"),"pending")
A45: C-PF-05 | B45: Profile ablation 60-min CI lower −2.19 | C45: README.md (Results at a glance); reports/evidence_manifest.md | D45: Participant-held-out internal (14 CGMacros people, each held out once; previously inspected) | E45: supported | F45: nest.prof.lo60 | G45: =IF(AND(ISNUMBER(Sources!$C$211)),Sources!$C$211,"unavailable") | H45: -2.19 | I45: 2 | J45: =IF(ISNUMBER(G45),IF(ABS(G45-H45)<=0.5*10^(-I45)+1E-9,"matches","MISMATCH"),"pending")
A46: C-PF-06 | B46: Profile ablation 60-min CI upper +0.61 | C46: README.md (Results at a glance); reports/evidence_manifest.md | D46: Participant-held-out internal (14 CGMacros people, each held out once; previously inspected) | E46: supported | F46: nest.prof.hi60 | G46: =IF(AND(ISNUMBER(Sources!$C$212)),Sources!$C$212,"unavailable") | H46: 0.61 | I46: 2 | J46: =IF(ISNUMBER(G46),IF(ABS(G46-H46)<=0.5*10^(-I46)+1E-9,"matches","MISMATCH"),"pending")
A47: C-2H-01 | B47: Two hours ahead: MAE 30.6 at 120 min (D-043) | C47: README.md (Results at a glance); reports/evidence_manifest.md; narration scene 16 | D47: Participant-held-out internal (14 CGMacros people, each held out once; previously inspected) | E47: supported | F47: 2h.sel.mae120 | G47: =IF(AND(ISNUMBER(Sources!$C$228)),Sources!$C$228,"unavailable") | H47: 30.6 | I47: 1 | J47: =IF(ISNUMBER(G47),IF(ABS(G47-H47)<=0.5*10^(-I47)+1E-9,"matches","MISMATCH"),"pending") | K47: Research procedure, not served | M47: two-hour | MAE 120
A48: C-2H-02 | B48: Two-hour persistence 35.9 at 120 min | C48: README.md (Results at a glance); reports/evidence_manifest.md; narration scene 16 | D48: Participant-held-out internal (14 CGMacros people, each held out once; previously inspected) | E48: supported | F48: 2h.pers.mae120 | G48: =IF(AND(ISNUMBER(Sources!$C$229)),Sources!$C$229,"unavailable") | H48: 35.9 | I48: 1 | J48: =IF(ISNUMBER(G48),IF(ABS(G48-H48)<=0.5*10^(-I48)+1E-9,"matches","MISMATCH"),"pending") | M48: two-hour | persistence 120
A49: C-2H-03 | B49: Two-hour procedure better than persistence for 14 of 14 people | C49: README.md (Results at a glance); reports/evidence_manifest.md; narration scene 16 | D49: Participant-held-out internal (14 CGMacros people, each held out once; previously inspected) | E49: supported | F49: 2h.cmp.better | G49: =IF(AND(ISNUMBER(Sources!$C$233)),Sources!$C$233,"unavailable") | H49: 14 | I49: 0 | J49: =IF(ISNUMBER(G49),IF(ABS(G49-H49)<=0.5*10^(-I49)+1E-9,"matches","MISMATCH"),"pending") | M49: two-hour | people better
A50: C-2H-04 | B50: Two-hour warning: 315 of 329 onsets | C50: README.md (Results at a glance); reports/evidence_manifest.md | D50: Participant-held-out internal (14 CGMacros people, each held out once; previously inspected) | E50: supported | F50: 2h.w.detected_onsets | G50: =IF(AND(ISNUMBER(Sources!$C$239)),Sources!$C$239,"unavailable") | H50: 315 | I50: 0 | J50: =IF(ISNUMBER(G50),IF(ABS(G50-H50)<=0.5*10^(-I50)+1E-9,"matches","MISMATCH"),"pending") | M50: two-hour | onsets warned
A51: C-2H-05 | B51: Two-hour warning onsets (denominator) 329 | C51: README.md (Results at a glance); reports/evidence_manifest.md | D51: Participant-held-out internal (14 CGMacros people, each held out once; previously inspected) | E51: supported | F51: 2h.w.true_onsets | G51: =IF(AND(ISNUMBER(Sources!$C$238)),Sources!$C$238,"unavailable") | H51: 329 | I51: 0 | J51: =IF(ISNUMBER(G51),IF(ABS(G51-H51)<=0.5*10^(-I51)+1E-9,"matches","MISMATCH"),"pending")
A52: C-2H-06 | B52: Two-hour warning 1.62 false alarms per observed day | C52: README.md (Results at a glance); reports/evidence_manifest.md | D52: Participant-held-out internal (14 CGMacros people, each held out once; previously inspected) | E52: supported | F52: 2h.w.false_alarms_per_observed_day | G52: =IF(AND(ISNUMBER(Sources!$C$240)),Sources!$C$240,"unavailable") | H52: 1.62 | I52: 2 | J52: =IF(ISNUMBER(G52),IF(ABS(G52-H52)<=0.5*10^(-I52)+1E-9,"matches","MISMATCH"),"pending") | M52: two-hour | false alarms per observed day
A53: C-2H-07 | B53: Two-hour warning median lead 15 min | C53: README.md (Results at a glance); reports/evidence_manifest.md; narration scene 16 | D53: Participant-held-out internal (14 CGMacros people, each held out once; previously inspected) | E53: supported | F53: 2h.w.qualified_lead_median | G53: =IF(AND(ISNUMBER(Sources!$C$241)),Sources!$C$241,"unavailable") | H53: 15 | I53: 0 | J53: =IF(ISNUMBER(G53),IF(ABS(G53-H53)<=0.5*10^(-I53)+1E-9,"matches","MISMATCH"),"pending") | K53: Median among detected onsets | M53: two-hour | median lead (IQR)
A54: C-2H-08 | B54: Two-hour lead IQR 5–65 min (lower) | C54: README.md (Results at a glance); reports/evidence_manifest.md | D54: Participant-held-out internal (14 CGMacros people, each held out once; previously inspected) | E54: supported | F54: 2h.w.qualified_lead_iqr_lo | G54: =IF(AND(ISNUMBER(Sources!$C$242)),Sources!$C$242,"unavailable") | H54: 5 | I54: 0 | J54: =IF(ISNUMBER(G54),IF(ABS(G54-H54)<=0.5*10^(-I54)+1E-9,"matches","MISMATCH"),"pending")
A55: C-2H-09 | B55: Two-hour lead IQR 5–65 min (upper) | C55: README.md (Results at a glance); reports/evidence_manifest.md | D55: Participant-held-out internal (14 CGMacros people, each held out once; previously inspected) | E55: supported | F55: 2h.w.qualified_lead_iqr_hi | G55: =IF(AND(ISNUMBER(Sources!$C$243)),Sources!$C$243,"unavailable") | H55: 65 | I55: 0 | J55: =IF(ISNUMBER(G55),IF(ABS(G55-H55)<=0.5*10^(-I55)+1E-9,"matches","MISMATCH"),"pending")
A56: C-2H-10 | B56: Two-hour ranges covered 76.5 % (target 80 %) | C56: README.md (Results at a glance); reports/evidence_manifest.md | D56: Participant-held-out internal (14 CGMacros people, each held out once; previously inspected) | E56: supported | F56: 2h.cov120 | G56: =IF(AND(ISNUMBER(Sources!$C$244)),Sources!$C$244*100,"unavailable") | H56: 76.5 | I56: 1 | J56: =IF(ISNUMBER(G56),IF(ABS(G56-H56)<=0.5*10^(-I56)+1E-9,"matches","MISMATCH"),"pending") | M56: two-hour | coverage 120
A57: C-2H-11 | B57: Two-hour profile ablation −0.86 [−2.60, +1.02] (LightGBM) | C57: README §7; reports/two_hour_benchmark.md | D57: Participant-held-out internal (14 CGMacros people, each held out once; previously inspected) | E57: negative-result | F57: 2h.prof.d | G57: =IF(AND(ISNUMBER(Sources!$C$235)),Sources!$C$235,"unavailable") | H57: -0.86 | I57: 2 | J57: =IF(ISNUMBER(G57),IF(ABS(G57-H57)<=0.5*10^(-I57)+1E-9,"matches","MISMATCH"),"pending") | K57: CI crosses zero | M57: two-hour | profile ablation 120 (LightGBM)
A58: C-2X-01 | B58: External two-hour MAE 29.55 at 120 min (D-045) | C58: README.md (Results at a glance); reports/evidence_manifest.md | D58: External ShanghaiT2DM, 98 people, CGM-only procedure (not the serving fusion model) | E58: supported | F58: 2hx.mae120 | G58: =IF(AND(ISNUMBER(Sources!$C$251)),Sources!$C$251,"unavailable") | H58: 29.55 | I58: 2 | J58: =IF(ISNUMBER(G58),IF(ABS(G58-H58)<=0.5*10^(-I58)+1E-9,"matches","MISMATCH"),"pending") | K58: Second opening of this cohort | M58: two-hour-external | MAE 120
A59: C-2X-02 | B59: External two-hour persistence 31.68 | C59: README.md (Results at a glance); reports/evidence_manifest.md | D59: External ShanghaiT2DM, 98 people, CGM-only procedure (not the serving fusion model) | E59: supported | F59: 2hx.pers120 | G59: =IF(AND(ISNUMBER(Sources!$C$252)),Sources!$C$252,"unavailable") | H59: 31.68 | I59: 2 | J59: =IF(ISNUMBER(G59),IF(ABS(G59-H59)<=0.5*10^(-I59)+1E-9,"matches","MISMATCH"),"pending") | K59: Source value 31.675 is an exact rounding tie at the source's own precision; stated 31.68 is one of its two valid roundings | M59: two-hour-external | persistence 120
A60: C-2X-03 | B60: External two-hour difference −2.12 mg/dL | C60: README.md (Results at a glance); reports/evidence_manifest.md | D60: External ShanghaiT2DM, 98 people, CGM-only procedure (not the serving fusion model) | E60: supported | F60: 2hx.cmp.mean_diff | G60: =IF(AND(ISNUMBER(Sources!$C$253)),Sources!$C$253,"unavailable") | H60: -2.12 | I60: 2 | J60: =IF(ISNUMBER(G60),IF(ABS(G60-H60)<=0.5*10^(-I60)+1E-9,"matches","MISMATCH"),"pending") | M60: two-hour-external | difference (95 % CI)
A61: C-2X-04 | B61: External two-hour CI lower −2.67 | C61: README.md (Results at a glance); reports/evidence_manifest.md | D61: External ShanghaiT2DM, 98 people, CGM-only procedure (not the serving fusion model) | E61: supported | F61: 2hx.cmp.lo | G61: =IF(AND(ISNUMBER(Sources!$C$254)),Sources!$C$254,"unavailable") | H61: -2.67 | I61: 2 | J61: =IF(ISNUMBER(G61),IF(ABS(G61-H61)<=0.5*10^(-I61)+1E-9,"matches","MISMATCH"),"pending")
A62: C-2X-05 | B62: External two-hour CI upper −1.53 | C62: README.md (Results at a glance); reports/evidence_manifest.md | D62: External ShanghaiT2DM, 98 people, CGM-only procedure (not the serving fusion model) | E62: supported | F62: 2hx.cmp.hi | G62: =IF(AND(ISNUMBER(Sources!$C$255)),Sources!$C$255,"unavailable") | H62: -1.53 | I62: 2 | J62: =IF(ISNUMBER(G62),IF(ABS(G62-H62)<=0.5*10^(-I62)+1E-9,"matches","MISMATCH"),"pending")
A63: C-2X-06 | B63: Better for 78 of 98 people (two-hour external) | C63: README.md (Results at a glance); reports/evidence_manifest.md | D63: External ShanghaiT2DM, 98 people, CGM-only procedure (not the serving fusion model) | E63: supported | F63: 2hx.cmp.improved | G63: =IF(AND(ISNUMBER(Sources!$C$256)),Sources!$C$256,"unavailable") | H63: 78 | I63: 0 | J63: =IF(ISNUMBER(G63),IF(ABS(G63-H63)<=0.5*10^(-I63)+1E-9,"matches","MISMATCH"),"pending") | M63: two-hour-external | people better
A64: C-2X-07 | B64: External two-hour 98 participants | C64: README.md (Results at a glance); reports/evidence_manifest.md; Deck s11 | D64: External ShanghaiT2DM, 98 people, CGM-only procedure (not the serving fusion model) | E64: supported | F64: 2hx.cmp.n | G64: =IF(AND(ISNUMBER(Sources!$C$257)),Sources!$C$257,"unavailable") | H64: 98 | I64: 0 | J64: =IF(ISNUMBER(G64),IF(ABS(G64-H64)<=0.5*10^(-I64)+1E-9,"matches","MISMATCH"),"pending")
A65: C-2X-08 | B65: External two-hour MAE 10.90 at 30 min | C65: README.md (Results at a glance); reports/evidence_manifest.md; Deck s11; narration scene 8 | D65: External ShanghaiT2DM, 98 people, CGM-only procedure (not the serving fusion model) | E65: supported | F65: 2hx.mae30 | G65: =IF(AND(ISNUMBER(Sources!$C$247)),Sources!$C$247,"unavailable") | H65: 10.9 | I65: 2 | J65: =IF(ISNUMBER(G65),IF(ABS(G65-H65)<=0.5*10^(-I65)+1E-9,"matches","MISMATCH"),"pending") | M65: two-hour-external | MAE 30 / 60
A66: C-2X-09 | B66: External two-hour MAE 19.31 at 60 min | C66: README.md (Results at a glance); reports/evidence_manifest.md; Deck s11 | D66: External ShanghaiT2DM, 98 people, CGM-only procedure (not the serving fusion model) | E66: supported | F66: 2hx.mae60 | G66: =IF(AND(ISNUMBER(Sources!$C$249)),Sources!$C$249,"unavailable") | H66: 19.31 | I66: 2 | J66: =IF(ISNUMBER(G66),IF(ABS(G66-H66)<=0.5*10^(-I66)+1E-9,"matches","MISMATCH"),"pending")
A67: C-2X-10 | B67: External two-hour persistence 12.14 at 30 min | C67: README.md (Results at a glance); reports/evidence_manifest.md; Deck s11 | D67: External ShanghaiT2DM, 98 people, CGM-only procedure (not the serving fusion model) | E67: supported | F67: 2hx.pers30 | G67: =IF(AND(ISNUMBER(Sources!$C$248)),Sources!$C$248,"unavailable") | H67: 12.14 | I67: 2 | J67: =IF(ISNUMBER(G67),IF(ABS(G67-H67)<=0.5*10^(-I67)+1E-9,"matches","MISMATCH"),"pending") | K67: Source value 12.145 is an exact rounding tie at the source's own precision; stated 12.14 is one of its two valid roundings | M67: two-hour-external | persistence 30 / 60
A68: C-2X-11 | B68: External two-hour persistence 20.44 at 60 min | C68: README.md (Results at a glance); reports/evidence_manifest.md; Deck s11 | D68: External ShanghaiT2DM, 98 people, CGM-only procedure (not the serving fusion model) | E68: supported | F68: 2hx.pers60 | G68: =IF(AND(ISNUMBER(Sources!$C$250)),Sources!$C$250,"unavailable") | H68: 20.44 | I68: 2 | J68: =IF(ISNUMBER(G68),IF(ABS(G68-H68)<=0.5*10^(-I68)+1E-9,"matches","MISMATCH"),"pending")
A69: C-2X-12 | B69: External two-hour ranges covered 87 % | C69: README.md (Results at a glance); reports/evidence_manifest.md | D69: External ShanghaiT2DM, 98 people, CGM-only procedure (not the serving fusion model) | E69: supported | F69: 2hx.cov120 | G69: =IF(AND(ISNUMBER(Sources!$C$258)),Sources!$C$258*100,"unavailable") | H69: 87 | I69: 0 | J69: =IF(ISNUMBER(G69),IF(ABS(G69-H69)<=0.5*10^(-I69)+1E-9,"matches","MISMATCH"),"pending") | K69: Wider than needed (over-coverage) | M69: two-hour-external | coverage 120
A70: C-CL-01 | B70: Classifier warned 329 of 329 onsets (D-044) | C70: README §7; reports/two_hour_classifier.md | D70: Participant-held-out internal (14 CGMacros people, each held out once; previously inspected) | E70: negative-result | F70: clf.detected_onsets | G70: =IF(AND(ISNUMBER(Sources!$C$261)),Sources!$C$261,"unavailable") | H70: 329 | I70: 0 | J70: =IF(ISNUMBER(G70),IF(ABS(G70-H70)<=0.5*10^(-I70)+1E-9,"matches","MISMATCH"),"pending") | K70: Warned at ~99 % of eligible time: degenerate | M70: classifier-negative | onsets warned
A71: C-CL-02 | B71: Classifier 0.18 false alarms per day | C71: README §7 | D71: Participant-held-out internal (14 CGMacros people, each held out once; previously inspected) | E71: negative-result | F71: clf.false_alarms_per_observed_day | G71: =IF(AND(ISNUMBER(Sources!$C$263)),Sources!$C$263,"unavailable") | H71: 0.18 | I71: 2 | J71: =IF(ISNUMBER(G71),IF(ABS(G71-H71)<=0.5*10^(-I71)+1E-9,"matches","MISMATCH"),"pending") | M71: classifier-negative | false alarms per day
A72: C-CL-03 | B72: Classifier warning active at 99 % of eligible time | C72: README §7 | D72: Participant-held-out internal (14 CGMacros people, each held out once; previously inspected) | E72: negative-result | F72: clf.share_of_eligible_time_warning | G72: =IF(AND(ISNUMBER(Sources!$C$264)),Sources!$C$264*100,"unavailable") | H72: 99 | I72: 0 | J72: =IF(ISNUMBER(G72),IF(ABS(G72-H72)<=0.5*10^(-I72)+1E-9,"matches","MISMATCH"),"pending") | M72: classifier-negative | share of eligible time warning
A73: C-CL-04 | B73: Classifier ROC AUC 0.64 | C73: README §7 | D73: Participant-held-out internal (14 CGMacros people, each held out once; previously inspected) | E73: negative-result | F73: clf.origin_roc_auc | G73: =IF(AND(ISNUMBER(Sources!$C$265)),Sources!$C$265,"unavailable") | H73: 0.64 | I73: 2 | J73: =IF(ISNUMBER(G73),IF(ABS(G73-H73)<=0.5*10^(-I73)+1E-9,"matches","MISMATCH"),"pending") | M73: classifier-negative | ROC AUC
A74: C-46-01 | B74: Two-hour coverage before pooled calibration 76.5 % | C74: README.md (Results at a glance); reports/evidence_manifest.md | D74: Participant-held-out internal (14 CGMacros people, each held out once; previously inspected) — re-analysis | E74: supported | F74: wr.b0.cov120 | G74: =IF(AND(ISNUMBER(Sources!$C$270)),Sources!$C$270*100,"unavailable") | H74: 76.5 | I74: 1 | J74: =IF(ISNUMBER(G74),IF(ABS(G74-H74)<=0.5*10^(-I74)+1E-9,"matches","MISMATCH"),"pending") | M74: d046-ranges | coverage 120 before
A75: C-46-02 | B75: Pooled calibration brought two-hour coverage to 79.8 % (D-046 B) | C75: README.md (Results at a glance); reports/evidence_manifest.md; narration scene 16 | D75: Participant-held-out internal (14 CGMacros people, each held out once; previously inspected) — re-analysis | E75: supported | F75: wr.b1.cov120 | G75: =IF(AND(ISNUMBER(Sources!$C$274)),Sources!$C$274*100,"unavailable") | H75: 79.8 | I75: 1 | J75: =IF(ISNUMBER(G75),IF(ABS(G75-H75)<=0.5*10^(-I75)+1E-9,"matches","MISMATCH"),"pending") | K75: Not applied to the demo model | M75: d046-ranges | coverage 120 after
A76: C-46-03 | B76: 60-min coverage 78.2 → 79.5 % (before) | C76: README.md (Results at a glance); reports/evidence_manifest.md | D76: Participant-held-out internal (14 CGMacros people, each held out once; previously inspected) | E76: supported | F76: wr.b0.cov60 | G76: =IF(AND(ISNUMBER(Sources!$C$268)),Sources!$C$268*100,"unavailable") | H76: 78.2 | I76: 1 | J76: =IF(ISNUMBER(G76),IF(ABS(G76-H76)<=0.5*10^(-I76)+1E-9,"matches","MISMATCH"),"pending") | M76: d046-ranges | coverage 60 before → after
A77: C-46-04 | B77: 60-min coverage 78.2 → 79.5 % (after) | C77: README.md (Results at a glance); reports/evidence_manifest.md | D77: Participant-held-out internal (14 CGMacros people, each held out once; previously inspected) | E77: supported | F77: wr.b1.cov60 | G77: =IF(AND(ISNUMBER(Sources!$C$272)),Sources!$C$272*100,"unavailable") | H77: 79.5 | I77: 1 | J77: =IF(ISNUMBER(G77),IF(ABS(G77-H77)<=0.5*10^(-I77)+1E-9,"matches","MISMATCH"),"pending")
A78: C-46-05 | B78: Pooled ranges 7 mg/dL wider at 120 min | C78: README.md (Results at a glance); reports/evidence_manifest.md | D78: Participant-held-out internal (14 CGMacros people, each held out once; previously inspected) | E78: supported | F78: wr.b1.width120; wr.b0.width120 | G78: =IF(AND(ISNUMBER(Sources!$C$275),ISNUMBER(Sources!$C$271)),Sources!$C$275-Sources!$C$271,"unavailable") | H78: 7 | I78: 0 | J78: =IF(ISNUMBER(G78),IF(ABS(G78-H78)<=0.5*10^(-I78)+1E-9,"matches","MISMATCH"),"pending") | M78: d046-ranges | width increase
A79: C-46-06 | B79: Per-person median coverage 81.2 % at 120 min | C79: README §7 | D79: Participant-held-out internal (14 CGMacros people, each held out once; previously inspected) | E79: supported | F79: wr.b1.pmed120 | G79: =IF(AND(ISNUMBER(Sources!$C$276)),Sources!$C$276*100,"unavailable") | H79: 81.2 | I79: 1 | J79: =IF(ISNUMBER(G79),IF(ABS(G79-H79)<=0.5*10^(-I79)+1E-9,"matches","MISMATCH"),"pending") | M79: d046-ranges | per-person median coverage 120
A80: C-46-07 | B80: Earlier warning: 126 vs 123 of 329 warned ≥ 30 min (selected vs incumbent) | C80: README §7 | D80: Participant-held-out internal (14 CGMacros people, each held out once; previously inspected) | E80: negative-result | F80: wr.early.sel | G80: =IF(AND(ISNUMBER(Sources!$C$277)),Sources!$C$277,"unavailable") | H80: 126 | I80: 0 | J80: =IF(ISNUMBER(G80),IF(ABS(G80-H80)<=0.5*10^(-I80)+1E-9,"matches","MISMATCH"),"pending") | M80: d046-earlier-warning | warned ≥ 30 min ahead, selected vs incumbent
A81: C-46-08 | B81: Incumbent warned 123 of 329 ≥ 30 min ahead | C81: README §7 | D81: Participant-held-out internal (14 CGMacros people, each held out once; previously inspected) | E81: supported | F81: wr.early.inc | G81: =IF(AND(ISNUMBER(Sources!$C$278)),Sources!$C$278,"unavailable") | H81: 123 | I81: 0 | J81: =IF(ISNUMBER(G81),IF(ABS(G81-H81)<=0.5*10^(-I81)+1E-9,"matches","MISMATCH"),"pending")
A82: C-46-09 | B82: Earlier-warning difference +0.9 points | C82: README §7; docs/decisions.md D-046 | D82: Participant-held-out internal (14 CGMacros people, each held out once; previously inspected) | E82: negative-result | F82: wr.diff.d | G82: =IF(AND(ISNUMBER(Sources!$C$281)),Sources!$C$281*100,"unavailable") | H82: 0.9 | I82: 1 | J82: =IF(ISNUMBER(G82),IF(ABS(G82-H82)<=0.5*10^(-I82)+1E-9,"matches","MISMATCH"),"pending") | K82: CI [−5.5, +6.6] crosses zero | M82: d046-earlier-warning | difference (95 % CI)
A83: C-46-10 | B83: Earlier-warning CI lower −5.5 points | C83: README §7 | D83: Participant-held-out internal (14 CGMacros people, each held out once; previously inspected) | E83: supported | F83: wr.diff.lo | G83: =IF(AND(ISNUMBER(Sources!$C$282)),Sources!$C$282*100,"unavailable") | H83: -5.5 | I83: 1 | J83: =IF(ISNUMBER(G83),IF(ABS(G83-H83)<=0.5*10^(-I83)+1E-9,"matches","MISMATCH"),"pending")
A84: C-46-11 | B84: Earlier-warning CI upper +6.6 points | C84: README §7 | D84: Participant-held-out internal (14 CGMacros people, each held out once; previously inspected) | E84: supported | F84: wr.diff.hi | G84: =IF(AND(ISNUMBER(Sources!$C$283)),Sources!$C$283*100,"unavailable") | H84: 6.6 | I84: 1 | J84: =IF(ISNUMBER(G84),IF(ABS(G84-H84)<=0.5*10^(-I84)+1E-9,"matches","MISMATCH"),"pending")
A85: C-46-12 | B85: Median lead still 15 min (D-046 A) | C85: README §7 | D85: Participant-held-out internal (14 CGMacros people, each held out once; previously inspected) | E85: supported | F85: wr.lead.sel | G85: =IF(AND(ISNUMBER(Sources!$C$280)),Sources!$C$280,"unavailable") | H85: 15 | I85: 0 | J85: =IF(ISNUMBER(G85),IF(ABS(G85-H85)<=0.5*10^(-I85)+1E-9,"matches","MISMATCH"),"pending") | M85: d046-earlier-warning | median lead
A86: C-46-13 | B86: Profile prior −0.53 mg/dL at 120 min (D-046 C) | C86: README §7 | D86: Participant-held-out internal (14 CGMacros people, each held out once; previously inspected) | E86: negative-result | F86: wr.prior.all.d | G86: =IF(AND(ISNUMBER(Sources!$C$284)),Sources!$C$284,"unavailable") | H86: -0.53 | I86: 2 | J86: =IF(ISNUMBER(G86),IF(ABS(G86-H86)<=0.5*10^(-I86)+1E-9,"matches","MISMATCH"),"pending") | K86: CI [−1.57, +0.58] crosses zero | M86: d046-profile-prior | 120 min
A87: C-46-14 | B87: Profile prior first 24 h −0.93 mg/dL | C87: README §7 | D87: Participant-held-out internal (14 CGMacros people, each held out once; previously inspected) | E87: negative-result | F87: wr.prior.d1.d | G87: =IF(AND(ISNUMBER(Sources!$C$287)),Sources!$C$287,"unavailable") | H87: -0.93 | I87: 2 | J87: =IF(ISNUMBER(G87),IF(ABS(G87-H87)<=0.5*10^(-I87)+1E-9,"matches","MISMATCH"),"pending") | K87: CI [−2.74, +0.48] | M87: d046-profile-prior | 120 min, first 24 h
A88: C-SC-01 | B88: 145 participants imported | C88: README §7 | D88: Data inventory | E88: supported | F88: inv.cgm; inv.sh | G88: =IF(AND(ISNUMBER(Sources!$C$456),ISNUMBER(Sources!$C$457)),Sources!$C$456+Sources!$C$457,"unavailable") | H88: 145 | I88: 0 | J88: =IF(ISNUMBER(G88),IF(ABS(G88-H88)<=0.5*10^(-I88)+1E-9,"matches","MISMATCH"),"pending") | M88: scale | imported
A89: C-SC-02 | B89: 14 evaluated internally | C89: README §7 | D89: Data inventory | E89: supported | F89: inv.cgm_eval | G89: =IF(AND(ISNUMBER(Sources!$C$458)),Sources!$C$458,"unavailable") | H89: 14 | I89: 0 | J89: =IF(ISNUMBER(G89),IF(ABS(G89-H89)<=0.5*10^(-I89)+1E-9,"matches","MISMATCH"),"pending") | M89: scale | evaluated internally
A90: C-SC-03 | B90: 98 evaluated externally | C90: README §7 | D90: Data inventory | E90: supported | F90: inv.sh_eval | G90: =IF(AND(ISNUMBER(Sources!$C$459)),Sources!$C$459,"unavailable") | H90: 98 | I90: 0 | J90: =IF(ISNUMBER(G90),IF(ABS(G90-H90)<=0.5*10^(-I90)+1E-9,"matches","MISMATCH"),"pending") | M90: scale | evaluated externally
A91: C-50-01 | B91: D-050 candidate pooled ranges 77.9 % at 30 min (test, retrospective) | C91: README §7; reports/serving_ranges_study.md | D91: Serving pipeline, final test (inspected) — candidate, not served | E91: supported | F91: rg.pool.cov30 | G91: =IF(AND(ISNUMBER(Sources!$C$340)),Sources!$C$340*100,"unavailable") | H91: 77.9 | I91: 1 | J91: =IF(ISNUMBER(G91),IF(ABS(G91-H91)<=0.5*10^(-I91)+1E-9,"matches","MISMATCH"),"pending") | K91: Research on inspected data; not the served interval | M91: ranges-d050 | candidate coverage 30 / 60 (G on validation + calibration, test, retrospective)
A92: C-50-02 | B92: D-050 candidate pooled ranges 78.7 % at 60 min | C92: README §7 | D92: Candidate, not served | E92: supported | F92: rg.pool.cov60 | G92: =IF(AND(ISNUMBER(Sources!$C$345)),Sources!$C$345*100,"unavailable") | H92: 78.7 | I92: 1 | J92: =IF(ISNUMBER(G92),IF(ABS(G92-H92)<=0.5*10^(-I92)+1E-9,"matches","MISMATCH"),"pending")
A93: C-50-03 | B93: D-050 served coverage 74.2 % at 30 min | C93: README §7 | D93: Serving model, final test segment (later recordings of the same 14 people; retrospective, inspected) | E93: supported | F93: rg.inc.cov30 | G93: =IF(AND(ISNUMBER(Sources!$C$324)),Sources!$C$324*100,"unavailable") | H93: 74.2 | I93: 1 | J93: =IF(ISNUMBER(G93),IF(ABS(G93-H93)<=0.5*10^(-I93)+1E-9,"matches","MISMATCH"),"pending") | M93: ranges-d050 | served coverage 30 / 60
A94: C-50-04 | B94: D-050 served coverage 74.0 % at 60 min | C94: README §7 | D94: Serving model, final test segment (later recordings of the same 14 people; retrospective, inspected) | E94: supported | F94: rg.inc.cov60 | G94: =IF(AND(ISNUMBER(Sources!$C$332)),Sources!$C$332*100,"unavailable") | H94: 74 | I94: 1 | J94: =IF(ISNUMBER(G94),IF(ABS(G94-H94)<=0.5*10^(-I94)+1E-9,"matches","MISMATCH"),"pending")
A95: C-50-05 | B95: D-050: served ranges stay (trend-stratified shape not adopted) | C95: README §7; docs/decisions.md D-050 | D95: Gate | E95: negative-result | F95: Gates: D-050; rg.chosen | G95: =Gates!$G$37 | H95: FAILED | J95: =IF(G95=H95,"matches","MISMATCH") | K95: Pre-test coverage-error gain below the 1.0-point bar | M95: ranges-d050 | decision
A96: C-51-01 | B96: D-051 C0 60-min MAE 22.27 | C96: README §7; reports/tune_study.md | D96: Participant-held-out internal (14 CGMacros people, each held out once; previously inspected) | E96: supported | F96: tu.C0.mae60 | G96: =IF(AND(ISNUMBER(Sources!$C$351)),Sources!$C$351,"unavailable") | H96: 22.27 | I96: 2 | J96: =IF(ISNUMBER(G96),IF(ABS(G96-H96)<=0.5*10^(-I96)+1E-9,"matches","MISMATCH"),"pending") | M96: tune-d051 | C0 / C1 60-min MAE
A97: C-51-02 | B97: D-051 C1 60-min MAE 21.90 | C97: README §7 | D97: Participant-held-out internal (14 CGMacros people, each held out once; previously inspected) | E97: supported | F97: tu.C1.mae60 | G97: =IF(AND(ISNUMBER(Sources!$C$352)),Sources!$C$352,"unavailable") | H97: 21.9 | I97: 2 | J97: =IF(ISNUMBER(G97),IF(ABS(G97-H97)<=0.5*10^(-I97)+1E-9,"matches","MISMATCH"),"pending")
A98: C-51-03 | B98: D-051 C1 − C0 −0.37 mg/dL (small internal gain vs equally tuned C0) | C98: README §7 | D98: Participant-held-out internal (14 CGMacros people, each held out once; previously inspected) | E98: negative-result | F98: tu.c1c0.mean_diff | G98: =IF(AND(ISNUMBER(Sources!$C$355)),Sources!$C$355,"unavailable") | H98: -0.37 | I98: 2 | J98: =IF(ISNUMBER(G98),IF(ABS(G98-H98)<=0.5*10^(-I98)+1E-9,"matches","MISMATCH"),"pending") | K98: Does not reach the declared −0.5 bar; not a release | M98: tune-d051 | C1 − C0 (internal)
A99: C-51-04 | B99: D-051 C1 − C0 CI [−0.63, −0.06] (lower) | C99: README §7 | D99: Participant-held-out internal (14 CGMacros people, each held out once; previously inspected) | E99: supported | F99: tu.c1c0.lo | G99: =IF(AND(ISNUMBER(Sources!$C$356)),Sources!$C$356,"unavailable") | H99: -0.63 | I99: 2 | J99: =IF(ISNUMBER(G99),IF(ABS(G99-H99)<=0.5*10^(-I99)+1E-9,"matches","MISMATCH"),"pending")
A100: C-51-05 | B100: D-051 C1 − C0 CI [−0.63, −0.06] (upper) | C100: README §7 | D100: Participant-held-out internal (14 CGMacros people, each held out once; previously inspected) | E100: supported | F100: tu.c1c0.hi | G100: =IF(AND(ISNUMBER(Sources!$C$357)),Sources!$C$357,"unavailable") | H100: -0.06 | I100: 2 | J100: =IF(ISNUMBER(G100),IF(ABS(G100-H100)<=0.5*10^(-I100)+1E-9,"matches","MISMATCH"),"pending")
A101: C-51-06 | B101: D-051 10 of 14 people better | C101: README §7 | D101: Participant-held-out internal (14 CGMacros people, each held out once; previously inspected) | E101: supported | F101: tu.c1c0.improved | G101: =IF(AND(ISNUMBER(Sources!$C$358)),Sources!$C$358,"unavailable") | H101: 10 | I101: 0 | J101: =IF(ISNUMBER(G101),IF(ABS(G101-H101)<=0.5*10^(-I101)+1E-9,"matches","MISMATCH"),"pending") | M101: tune-d051 | people better
...

Sheet Sources
A1: Sources — every source value stored once, at full precision | F1: ← About / navigation
A2: Value column is the only place a source number is typed by the builder; every other sheet references it. 'unavailable' = the file is not on this installation (never 0).
A4: Value ID | B4: Description | C4: Value | D4: Unit | E4: Source ID | F4: Repository path | G4: Locator (JSON pointer / field) | H4: Source date | I4: Source SHA-256 | J4: Protocol / revision identity | K4: Publication status
A5: fus.pers.mae30 | B5: Serving test (final test segment): Persistence (last reading), 30 min, mae (macro over participants) | C5: 14.836601 | D5: mg/dL | E5: fusion | F5: artifacts/experiments/gt-primary-2026-10-13-fusion/metrics.json | G5: /forecast_results[label=persistence:cgm-only-v1&personalization=off&split=test&horizon=30]/mae | H5: 2026-10-13T08:02:25+00:00 | I5: ec8d2e7aedb517e73fdb75284a8dea24bdb8de4b4f98257c6186d2cea56152d9 | J5: protocol configs/experiments/gt-primary-2026-10-13-fusion.yaml (first commit b60d149 2026-10-13T13:32:50+05:30) | K5: local / reproducible-only (git-ignored)
A6: fus.pers.rmse30 | B6: Serving test: Persistence (last reading), 30 min, rmse | C6: 22.083959 | D6: mg/dL | E6: fusion | F6: artifacts/experiments/gt-primary-2026-10-13-fusion/metrics.json | G6: /forecast_results[label=persistence:cgm-only-v1&personalization=off&split=test&horizon=30]/rmse | H6: 2026-10-13T08:02:25+00:00 | I6: ec8d2e7aedb517e73fdb75284a8dea24bdb8de4b4f98257c6186d2cea56152d9 | J6: protocol configs/experiments/gt-primary-2026-10-13-fusion.yaml (first commit b60d149 2026-10-13T13:32:50+05:30) | K6: local / reproducible-only (git-ignored)
A7: fus.pers.mae60 | B7: Serving test (final test segment): Persistence (last reading), 60 min, mae (macro over participants) | C7: 23.225387 | D7: mg/dL | E7: fusion | F7: artifacts/experiments/gt-primary-2026-10-13-fusion/metrics.json | G7: /forecast_results[label=persistence:cgm-only-v1&personalization=off&split=test&horizon=60]/mae | H7: 2026-10-13T08:02:25+00:00 | I7: ec8d2e7aedb517e73fdb75284a8dea24bdb8de4b4f98257c6186d2cea56152d9 | J7: protocol configs/experiments/gt-primary-2026-10-13-fusion.yaml (first commit b60d149 2026-10-13T13:32:50+05:30) | K7: local / reproducible-only (git-ignored)
A8: fus.pers.rmse60 | B8: Serving test: Persistence (last reading), 60 min, rmse | C8: 33.558213 | D8: mg/dL | E8: fusion | F8: artifacts/experiments/gt-primary-2026-10-13-fusion/metrics.json | G8: /forecast_results[label=persistence:cgm-only-v1&personalization=off&split=test&horizon=60]/rmse | H8: 2026-10-13T08:02:25+00:00 | I8: ec8d2e7aedb517e73fdb75284a8dea24bdb8de4b4f98257c6186d2cea56152d9 | J8: protocol configs/experiments/gt-primary-2026-10-13-fusion.yaml (first commit b60d149 2026-10-13T13:32:50+05:30) | K8: local / reproducible-only (git-ignored)
A9: fus.trend.mae30 | B9: Serving test (final test segment): Linear trend, 30 min, mae (macro over participants) | C9: 14.031539 | D9: mg/dL | E9: fusion | F9: artifacts/experiments/gt-primary-2026-10-13-fusion/metrics.json | G9: /forecast_results[label=linear_trend:cgm-only-v1&personalization=off&split=test&horizon=30]/mae | H9: 2026-10-13T08:02:25+00:00 | I9: ec8d2e7aedb517e73fdb75284a8dea24bdb8de4b4f98257c6186d2cea56152d9 | J9: protocol configs/experiments/gt-primary-2026-10-13-fusion.yaml (first commit b60d149 2026-10-13T13:32:50+05:30) | K9: local / reproducible-only (git-ignored)
A10: fus.trend.rmse30 | B10: Serving test: Linear trend, 30 min, rmse | C10: 21.034836 | D10: mg/dL | E10: fusion | F10: artifacts/experiments/gt-primary-2026-10-13-fusion/metrics.json | G10: /forecast_results[label=linear_trend:cgm-only-v1&personalization=off&split=test&horizon=30]/rmse | H10: 2026-10-13T08:02:25+00:00 | I10: ec8d2e7aedb517e73fdb75284a8dea24bdb8de4b4f98257c6186d2cea56152d9 | J10: protocol configs/experiments/gt-primary-2026-10-13-fusion.yaml (first commit b60d149 2026-10-13T13:32:50+05:30) | K10: local / reproducible-only (git-ignored)
A11: fus.trend.mae60 | B11: Serving test (final test segment): Linear trend, 60 min, mae (macro over participants) | C11: 23.231287 | D11: mg/dL | E11: fusion | F11: artifacts/experiments/gt-primary-2026-10-13-fusion/metrics.json | G11: /forecast_results[label=linear_trend:cgm-only-v1&personalization=off&split=test&horizon=60]/mae | H11: 2026-10-13T08:02:25+00:00 | I11: ec8d2e7aedb517e73fdb75284a8dea24bdb8de4b4f98257c6186d2cea56152d9 | J11: protocol configs/experiments/gt-primary-2026-10-13-fusion.yaml (first commit b60d149 2026-10-13T13:32:50+05:30) | K11: local / reproducible-only (git-ignored)
A12: fus.trend.rmse60 | B12: Serving test: Linear trend, 60 min, rmse | C12: 33.959262 | D12: mg/dL | E12: fusion | F12: artifacts/experiments/gt-primary-2026-10-13-fusion/metrics.json | G12: /forecast_results[label=linear_trend:cgm-only-v1&personalization=off&split=test&horizon=60]/rmse | H12: 2026-10-13T08:02:25+00:00 | I12: ec8d2e7aedb517e73fdb75284a8dea24bdb8de4b4f98257c6186d2cea56152d9 | J12: protocol configs/experiments/gt-primary-2026-10-13-fusion.yaml (first commit b60d149 2026-10-13T13:32:50+05:30) | K12: local / reproducible-only (git-ignored)
A13: fus.ridgep.mae30 | B13: Serving test (final test segment): Ridge, dynamic + profile, 30 min, mae (macro over participants) | C13: 14.606677 | D13: mg/dL | E13: fusion | F13: artifacts/experiments/gt-primary-2026-10-13-fusion/metrics.json | G13: /forecast_results[label=ridge:dyn-prof-v2&personalization=off&split=test&horizon=30]/mae | H13: 2026-10-13T08:02:25+00:00 | I13: ec8d2e7aedb517e73fdb75284a8dea24bdb8de4b4f98257c6186d2cea56152d9 | J13: protocol configs/experiments/gt-primary-2026-10-13-fusion.yaml (first commit b60d149 2026-10-13T13:32:50+05:30) | K13: local / reproducible-only (git-ignored)
A14: fus.ridgep.rmse30 | B14: Serving test: Ridge, dynamic + profile, 30 min, rmse | C14: 21.248721 | D14: mg/dL | E14: fusion | F14: artifacts/experiments/gt-primary-2026-10-13-fusion/metrics.json | G14: /forecast_results[label=ridge:dyn-prof-v2&personalization=off&split=test&horizon=30]/rmse | H14: 2026-10-13T08:02:25+00:00 | I14: ec8d2e7aedb517e73fdb75284a8dea24bdb8de4b4f98257c6186d2cea56152d9 | J14: protocol configs/experiments/gt-primary-2026-10-13-fusion.yaml (first commit b60d149 2026-10-13T13:32:50+05:30) | K14: local / reproducible-only (git-ignored)
A15: fus.ridgep.mae60 | B15: Serving test (final test segment): Ridge, dynamic + profile, 60 min, mae (macro over participants) | C15: 22.964396 | D15: mg/dL | E15: fusion | F15: artifacts/experiments/gt-primary-2026-10-13-fusion/metrics.json | G15: /forecast_results[label=ridge:dyn-prof-v2&personalization=off&split=test&horizon=60]/mae | H15: 2026-10-13T08:02:25+00:00 | I15: ec8d2e7aedb517e73fdb75284a8dea24bdb8de4b4f98257c6186d2cea56152d9 | J15: protocol configs/experiments/gt-primary-2026-10-13-fusion.yaml (first commit b60d149 2026-10-13T13:32:50+05:30) | K15: local / reproducible-only (git-ignored)
A16: fus.ridgep.rmse60 | B16: Serving test: Ridge, dynamic + profile, 60 min, rmse | C16: 31.831124 | D16: mg/dL | E16: fusion | F16: artifacts/experiments/gt-primary-2026-10-13-fusion/metrics.json | G16: /forecast_results[label=ridge:dyn-prof-v2&personalization=off&split=test&horizon=60]/rmse | H16: 2026-10-13T08:02:25+00:00 | I16: ec8d2e7aedb517e73fdb75284a8dea24bdb8de4b4f98257c6186d2cea56152d9 | J16: protocol configs/experiments/gt-primary-2026-10-13-fusion.yaml (first commit b60d149 2026-10-13T13:32:50+05:30) | K16: local / reproducible-only (git-ignored)
... A72: fus.ev.threshold | B72: Serving 60-min warning, final test: warning margin (score = max forecast − 180) | C72: -10 | D72: mg/dL | E72: fusion | F72: artifacts/experiments/gt-primary-2026-10-13-fusion/metrics.json | G72: /events[model=lightgbm:dyn-prof-v2 (adaptive)&split=test&horizon=60]/threshold | H72: 2026-10-13T08:02:25+00:00 | I72: ec8d2e7aedb517e73fdb75284a8dea24bdb8de4b4f98257c6186d2cea56152d9 | J72: protocol configs/experiments/gt-primary-2026-10-13-fusion.yaml (first commit b60d149 2026-10-13T13:32:50+05:30) | K72: local / reproducible-only (git-ignored)
A73: fus.ev.time_base | B73: Serving 60-min warning, final test: time-base definition of the day denominators | C73: approximate: number of forecast-issued origins x 5-minute native cadence | D73: text | E73: fusion | F73: artifacts/experiments/gt-primary-2026-10-13-fusion/metrics.json | G73: /events[model=lightgbm:dyn-prof-v2 (adaptive)&split=test&horizon=60]/time_base | H73: 2026-10-13T08:02:25+00:00 | I73: ec8d2e7aedb517e73fdb75284a8dea24bdb8de4b4f98257c6186d2cea56152d9 | J73: protocol configs/experiments/gt-primary-2026-10-13-fusion.yaml (first commit b60d149 2026-10-13T13:32:50+05:30) | K73: local / reproducible-only (git-ignored)
A74: fus.ev.iqr_lo | B74: Qualified lead IQR lower (detected onsets) | C74: 10 | D74: min | E74: fusion | F74: artifacts/experiments/gt-primary-2026-10-13-fusion/metrics.json | G74: /events[model=lightgbm:dyn-prof-v2 (adaptive)&split=test&horizon=60]/qualified_lead_iqr[0] | H74: 2026-10-13T08:02:25+00:00 | I74: ec8d2e7aedb517e73fdb75284a8dea24bdb8de4b4f98257c6186d2cea56152d9 | J74: protocol configs/experiments/gt-primary-2026-10-13-fusion.yaml (first commit b60d149 2026-10-13T13:32:50+05:30) | K74: local / reproducible-only (git-ignored)
A75: fus.ev.iqr_hi | B75: Qualified lead IQR upper (detected onsets) | C75: 55 | D75: min | E75: fusion | F75: artifacts/experiments/gt-primary-2026-10-13-fusion/metrics.json | G75: /events[model=lightgbm:dyn-prof-v2 (adaptive)&split=test&horizon=60]/qualified_lead_iqr[1] | H75: 2026-10-13T08:02:25+00:00 | I75: ec8d2e7aedb517e73fdb75284a8dea24bdb8de4b4f98257c6186d2cea56152d9 | J75: protocol configs/experiments/gt-primary-2026-10-13-fusion.yaml (first commit b60d149 2026-10-13T13:32:50+05:30) | K75: local / reproducible-only (git-ignored)
A76: fus.pev.detected_onsets | B76: Persistence 60-min warning (fires at 150 mg/dL), final test: detected_onsets | C76: 63 | D76: count | E76: fusion | F76: artifacts/experiments/gt-primary-2026-10-13-fusion/metrics.json | G76: /events[model=persistence&split=test&horizon=60]/detected_onsets | H76: 2026-10-13T08:02:25+00:00 | I76: ec8d2e7aedb517e73fdb75284a8dea24bdb8de4b4f98257c6186d2cea56152d9 | J76: protocol configs/experiments/gt-primary-2026-10-13-fusion.yaml (first commit b60d149 2026-10-13T13:32:50+05:30) | K76: local / reproducible-only (git-ignored)
A77: fus.pev.false_alarm_episodes | B77: Persistence 60-min warning (fires at 150 mg/dL), final test: false_alarm_episodes | C77: 70 | D77: count | E77: fusion | F77: artifacts/experiments/gt-primary-2026-10-13-fusion/metrics.json | G77: /events[model=persistence&split=test&horizon=60]/false_alarm_episodes | H77: 2026-10-13T08:02:25+00:00 | I77: ec8d2e7aedb517e73fdb75284a8dea24bdb8de4b4f98257c6186d2cea56152d9 | J77: protocol configs/experiments/gt-primary-2026-10-13-fusion.yaml (first commit b60d149 2026-10-13T13:32:50+05:30) | K77: local / reproducible-only (git-ignored)
A78: fus.pev.false_alarms_per_observed_patient_day | B78: Persistence 60-min warning (fires at 150 mg/dL), final test: false_alarms_per_observed_patient_day | C78: 2.611399 | D78: count | E78: fusion | F78: artifacts/experiments/gt-primary-2026-10-13-fusion/metrics.json | G78: /events[model=persistence&split=test&horizon=60]/false_alarms_per_observed_patient_day | H78: 2026-10-13T08:02:25+00:00 | I78: ec8d2e7aedb517e73fdb75284a8dea24bdb8de4b4f98257c6186d2cea56152d9 | J78: protocol configs/experiments/gt-primary-2026-10-13-fusion.yaml (first commit b60d149 2026-10-13T13:32:50+05:30) | K78: local / reproducible-only (git-ignored)
A79: fus.iv.coverage30 | B79: Served 80 % range, final test, 30 min: coverage | C79: 0.74204442 | D79: share | E79: fusion | F79: artifacts/experiments/gt-primary-2026-10-13-fusion/metrics.json | G79: /intervals[label=lightgbm:dyn-prof-v2&personalization=adaptive&split=test&horizon=30]/coverage | H79: 2026-10-13T08:02:25+00:00 | I79: ec8d2e7aedb517e73fdb75284a8dea24bdb8de4b4f98257c6186d2cea56152d9 | J79: protocol configs/experiments/gt-primary-2026-10-13-fusion.yaml (first commit b60d149 2026-10-13T13:32:50+05:30) | K79: local / reproducible-only (git-ignored)
A80: fus.iv.width30 | B80: Served 80 % range, final test, 30 min: width | C80: 33.423399 | D80: mg/dL | E80: fusion | F80: artifacts/experiments/gt-primary-2026-10-13-fusion/metrics.json | G80: /intervals[label=lightgbm:dyn-prof-v2&personalization=adaptive&split=test&horizon=30]/width | H80: 2026-10-13T08:02:25+00:00 | I80: ec8d2e7aedb517e73fdb75284a8dea24bdb8de4b4f98257c6186d2cea56152d9 | J80: protocol configs/experiments/gt-primary-2026-10-13-fusion.yaml (first commit b60d149 2026-10-13T13:32:50+05:30) | K80: local / reproducible-only (git-ignored)
A81: fus.iv.q30 | B81: Served 80 % range, final test, 30 min: q | C81: 16.7117 | D81: mg/dL | E81: fusion | F81: artifacts/experiments/gt-primary-2026-10-13-fusion/metrics.json | G81: /intervals[label=lightgbm:dyn-prof-v2&personalization=adaptive&split=test&horizon=30]/q | H81: 2026-10-13T08:02:25+00:00 | I81: ec8d2e7aedb517e73fdb75284a8dea24bdb8de4b4f98257c6186d2cea56152d9 | J81: protocol configs/experiments/gt-primary-2026-10-13-fusion.yaml (first commit b60d149 2026-10-13T13:32:50+05:30) | K81: local / reproducible-only (git-ignored)
A82: fus.iv.per_patient_min30 | B82: Served 80 % range, final test, 30 min: per_patient_min | C82: 0.60263653 | D82: share | E82: fusion | F82: artifacts/experiments/gt-primary-2026-10-13-fusion/metrics.json | G82: /intervals[label=lightgbm:dyn-prof-v2&personalization=adaptive&split=test&horizon=30]/per_patient_min | H82: 2026-10-13T08:02:25+00:00 | I82: ec8d2e7aedb517e73fdb75284a8dea24bdb8de4b4f98257c6186d2cea56152d9 | J82: protocol configs/experiments/gt-primary-2026-10-13-fusion.yaml (first commit b60d149 2026-10-13T13:32:50+05:30) | K82: local / reproducible-only (git-ignored)
A83: fus.iv.per_patient_max30 | B83: Served 80 % range, final test, 30 min: per_patient_max | C83: 0.82310469 | D83: share | E83: fusion | F83: artifacts/experiments/gt-primary-2026-10-13-fusion/metrics.json | G83: /intervals[label=lightgbm:dyn-prof-v2&personalization=adaptive&split=test&horizon=30]/per_patient_max | H83: 2026-10-13T08:02:25+00:00 | I83: ec8d2e7aedb517e73fdb75284a8dea24bdb8de4b4f98257c6186d2cea56152d9 | J83: protocol configs/experiments/gt-primary-2026-10-13-fusion.yaml (first commit b60d149 2026-10-13T13:32:50+05:30) | K83: local / reproducible-only (git-ignored)
A84: fus.iv.n30 | B84: Served 80 % range, final test, 30 min: n | C84: 7699 | D84: origins | E84: fusion | F84: artifacts/experiments/gt-primary-2026-10-13-fusion/metrics.json | G84: /intervals[label=lightgbm:dyn-prof-v2&personalization=adaptive&split=test&horizon=30]/n | H84: 2026-10-13T08:02:25+00:00 | I84: ec8d2e7aedb517e73fdb75284a8dea24bdb8de4b4f98257c6186d2cea56152d9 | J84: protocol configs/experiments/gt-primary-2026-10-13-fusion.yaml (first commit b60d149 2026-10-13T13:32:50+05:30) | K84: local / reproducible-only (git-ignored)
A85: fus.iv.coverage60 | B85: Served 80 % range, final test, 60 min: coverage | C85: 0.73979194 | D85: share | E85: fusion | F85: artifacts/experiments/gt-primary-2026-10-13-fusion/metrics.json | G85: /intervals[label=lightgbm:dyn-prof-v2&personalization=adaptive&split=test&horizon=60]/coverage | H85: 2026-10-13T08:02:25+00:00 | I85: ec8d2e7aedb517e73fdb75284a8dea24bdb8de4b4f98257c6186d2cea56152d9 | J85: protocol configs/experiments/gt-primary-2026-10-13-fusion.yaml (first commit b60d149 2026-10-13T13:32:50+05:30) | K85: local / reproducible-only (git-ignored)
... A117: fus.sens.meal60 | B117: Optimistic meal-logging sensitivity (not eligible for serving), test, 60 min | C117: 19.073062 | D117: mg/dL | E117: fusion | F117: artifacts/experiments/gt-primary-2026-10-13-fusion/metrics.json | G117: /sensitivity[experiment=optimistic meal logging&split=test&horizon=60]/mae | H117: 2026-10-13T08:02:25+00:00 | I117: ec8d2e7aedb517e73fdb75284a8dea24bdb8de4b4f98257c6186d2cea56152d9 | J117: protocol configs/experiments/gt-primary-2026-10-13-fusion.yaml (first commit b60d149 2026-10-13T13:32:50+05:30) | K117: local / reproducible-only (git-ignored)
A118: fus.model_version | B118: Model version evaluated | C118: lightgbm.dyn-prof-v2.gt-primary-2026-10-13-fusion | D118: text | E118: fusion | F118: artifacts/experiments/gt-primary-2026-10-13-fusion/metrics.json | G118: /model_version | H118: 2026-10-13T08:02:25+00:00 | I118: ec8d2e7aedb517e73fdb75284a8dea24bdb8de4b4f98257c6186d2cea56152d9 | J118: protocol configs/experiments/gt-primary-2026-10-13-fusion.yaml (first commit b60d149 2026-10-13T13:32:50+05:30) | K118: local / reproducible-only (git-ignored)
A119: fus.created_at | B119: Experiment run time | C119: 46308.335 | D119: UTC | E119: fusion | F119: artifacts/experiments/gt-primary-2026-10-13-fusion/metrics.json | G119: /created_at | H119: 2026-10-13T08:02:25+00:00 | I119: ec8d2e7aedb517e73fdb75284a8dea24bdb8de4b4f98257c6186d2cea56152d9 | J119: protocol configs/experiments/gt-primary-2026-10-13-fusion.yaml (first commit b60d149 2026-10-13T13:32:50+05:30) | K119: local / reproducible-only (git-ignored)
A120: fus.selection_rule | B120: Declared selection rule | C120: Lowest equal-weight mean of per-patient MAE across the 30- and 60-minute horizons on the validation-selection segment, population model without patient adaptation. | D120: text | E120: fusion | F120: artifacts/experiments/gt-primary-2026-10-13-fusion/metrics.json | G120: /selection/rule | H120: 2026-10-13T08:02:25+00:00 | I120: ec8d2e7aedb517e73fdb75284a8dea24bdb8de4b4f98257c6186d2cea56152d9 | J120: protocol configs/experiments/gt-primary-2026-10-13-fusion.yaml (first commit b60d149 2026-10-13T13:32:50+05:30) | K120: local / reproducible-only (git-ignored)
A121: fus.better30 | B121: Serving test: participants with lower serving error than persistence, 30 min (derived count) | C121: 14 | D121: people | E121: fusion | F121: artifacts/experiments/gt-primary-2026-10-13-fusion/metrics.json | G121: /per_patient_test (count of people with serving MAE < persistence MAE, 30 min) | H121: 2026-10-13T08:02:25+00:00 | I121: ec8d2e7aedb517e73fdb75284a8dea24bdb8de4b4f98257c6186d2cea56152d9 | J121: protocol configs/experiments/gt-primary-2026-10-13-fusion.yaml (first commit b60d149 2026-10-13T13:32:50+05:30) | K121: local / reproducible-only (git-ignored)
A122: fus.better60 | B122: Serving test: participants with lower serving error than persistence, 60 min (derived count) | C122: 13 | D122: people | E122: fusion | F122: artifacts/experiments/gt-primary-2026-10-13-fusion/metrics.json | G122: /per_patient_test (count of people with serving MAE < persistence MAE, 60 min) | H122: 2026-10-13T08:02:25+00:00 | I122: ec8d2e7aedb517e73fdb75284a8dea24bdb8de4b4f98257c6186d2cea56152d9 | J122: protocol configs/experiments/gt-primary-2026-10-13-fusion.yaml (first commit b60d149 2026-10-13T13:32:50+05:30) | K122: local / reproducible-only (git-ignored)
A123: wu.onsets | B123: Serving 60-min warning, final test: eligible onsets (denominator of every notice share) | C123: 64 | D123: onsets | E123: fusion_pred | F123: artifacts/experiments/gt-primary-2026-10-13-fusion/predictions.parquet | G123: scripts/warning_utility.py demo row (WT.demo, key=demo) → onsets | H123: 2026-10-13T08:02:25+00:00 (file time) | I123: 1a5a7164fd8d17f36a4248a5a9f30f2dfee53b30b010ca62fab30df8c77b1778 | J123: protocol configs/experiments/gt-primary-2026-10-13-fusion.yaml (first commit b60d149 2026-10-13T13:32:50+05:30) | K123: local / reproducible-only (git-ignored)
A124: wu.detected | B124: Serving 60-min warning, final test: detected onsets | C124: 61 | D124: onsets | E124: fusion_pred | F124: artifacts/experiments/gt-primary-2026-10-13-fusion/predictions.parquet | G124: scripts/warning_utility.py demo row (WT.demo, key=demo) → detected | H124: 2026-10-13T08:02:25+00:00 (file time) | I124: 1a5a7164fd8d17f36a4248a5a9f30f2dfee53b30b010ca62fab30df8c77b1778 | J124: protocol configs/experiments/gt-primary-2026-10-13-fusion.yaml (first commit b60d149 2026-10-13T13:32:50+05:30) | K124: local / reproducible-only (git-ignored)
A125: wu.ge15 | B125: Serving 60-min warning, final test: onsets warned ≥ 15 min ahead (qualified lead) | C125: 43 | D125: onsets | E125: fusion_pred | F125: artifacts/experiments/gt-primary-2026-10-13-fusion/predictions.parquet | G125: scripts/warning_utility.py demo row (WT.demo, key=demo) → ge15 | H125: 2026-10-13T08:02:25+00:00 (file time) | I125: 1a5a7164fd8d17f36a4248a5a9f30f2dfee53b30b010ca62fab30df8c77b1778 | J125: protocol configs/experiments/gt-primary-2026-10-13-fusion.yaml (first commit b60d149 2026-10-13T13:32:50+05:30) | K125: local / reproducible-only (git-ignored)
A126: wu.ge30 | B126: Serving 60-min warning, final test: onsets warned ≥ 30 min ahead (qualified lead) | C126: 31 | D126: onsets | E126: fusion_pred | F126: artifacts/experiments/gt-primary-2026-10-13-fusion/predictions.parquet | G126: scripts/warning_utility.py demo row (WT.demo, key=demo) → ge30 | H126: 2026-10-13T08:02:25+00:00 (file time) | I126: 1a5a7164fd8d17f36a4248a5a9f30f2dfee53b30b010ca62fab30df8c77b1778 | J126: protocol configs/experiments/gt-primary-2026-10-13-fusion.yaml (first commit b60d149 2026-10-13T13:32:50+05:30) | K126: local / reproducible-only (git-ignored)
A127: wu.ge60 | B127: Serving 60-min warning, final test: onsets warned ≥ 60 min ahead (qualified lead) | C127: 13 | D127: onsets | E127: fusion_pred | F127: artifacts/experiments/gt-primary-2026-10-13-fusion/predictions.parquet | G127: scripts/warning_utility.py demo row (WT.demo, key=demo) → ge60 | H127: 2026-10-13T08:02:25+00:00 (file time) | I127: 1a5a7164fd8d17f36a4248a5a9f30f2dfee53b30b010ca62fab30df8c77b1778 | J127: protocol configs/experiments/gt-primary-2026-10-13-fusion.yaml (first commit b60d149 2026-10-13T13:32:50+05:30) | K127: local / reproducible-only (git-ignored)
A128: wu.firing | B128: Serving 60-min warning, final test: eligible origins at which the warning was active | C128: 596 | D128: origins | E128: fusion_pred | F128: artifacts/experiments/gt-primary-2026-10-13-fusion/predictions.parquet | G128: scripts/warning_utility.py demo row (WT.demo, key=demo) → firing | H128: 2026-10-13T08:02:25+00:00 (file time) | I128: 1a5a7164fd8d17f36a4248a5a9f30f2dfee53b30b010ca62fab30df8c77b1778 | J128: protocol configs/experiments/gt-primary-2026-10-13-fusion.yaml (first commit b60d149 2026-10-13T13:32:50+05:30) | K128: local / reproducible-only (git-ignored)
A129: wu.eligible | B129: Serving 60-min warning, final test: eligible origins (time-in-warning denominator) | C129: 5042 | D129: origins | E129: fusion_pred | F129: artifacts/experiments/gt-primary-2026-10-13-fusion/predictions.parquet | G129: scripts/warning_utility.py demo row (WT.demo, key=demo) → eligible | H129: 2026-10-13T08:02:25+00:00 (file time) | I129: 1a5a7164fd8d17f36a4248a5a9f30f2dfee53b30b010ca62fab30df8c77b1778 | J129: protocol configs/experiments/gt-primary-2026-10-13-fusion.yaml (first commit b60d149 2026-10-13T13:32:50+05:30) | K129: local / reproducible-only (git-ignored)
A130: wu.share_eligible | B130: Serving 60-min warning, final test: share of eligible origins in warning | C130: 0.11820706 | D130: share | E130: fusion_pred | F130: artifacts/experiments/gt-primary-2026-10-13-fusion/predictions.parquet | G130: scripts/warning_utility.py demo row (WT.demo, key=demo) → share_eligible | H130: 2026-10-13T08:02:25+00:00 (file time) | I130: 1a5a7164fd8d17f36a4248a5a9f30f2dfee53b30b010ca62fab30df8c77b1778 | J130: protocol configs/experiments/gt-primary-2026-10-13-fusion.yaml (first commit b60d149 2026-10-13T13:32:50+05:30) | K130: local / reproducible-only (git-ignored)
A131: wu.lead_median | B131: Serving 60-min warning, final test: median qualified lead (detected onsets) | C131: 30 | D131: min | E131: fusion_pred | F131: artifacts/experiments/gt-primary-2026-10-13-fusion/predictions.parquet | G131: scripts/warning_utility.py demo row (WT.demo, key=demo) → lead_median | H131: 2026-10-13T08:02:25+00:00 (file time) | I131: 1a5a7164fd8d17f36a4248a5a9f30f2dfee53b30b010ca62fab30df8c77b1778 | J131: protocol configs/experiments/gt-primary-2026-10-13-fusion.yaml (first commit b60d149 2026-10-13T13:32:50+05:30) | K131: local / reproducible-only (git-ignored)
A132: wu.n_leads | B132: Serving 60-min warning, final test: number of qualified leads (detected onsets) | C132: 61 | D132: onsets | E132: fusion_pred | F132: artifacts/experiments/gt-primary-2026-10-13-fusion/predictions.parquet | G132: scripts/warning_utility.py demo row (WT.demo, key=demo) → n_leads | H132: 2026-10-13T08:02:25+00:00 (file time) | I132: 1a5a7164fd8d17f36a4248a5a9f30f2dfee53b30b010ca62fab30df8c77b1778 | J132: protocol configs/experiments/gt-primary-2026-10-13-fusion.yaml (first commit b60d149 2026-10-13T13:32:50+05:30) | K132: local / reproducible-only (git-ignored)
... A179: parity.participants | B179: Saved app-vs-evaluation parity run: participants | C179: 14 | D179: people | E179: parity | F179: reports/serving_parity.json | G179: /participants | H179: 2026-10-20T17:44:10+00:00 | I179: d43b660ed9cc0189f9f5b34b6e997ce700339ddea80c1a60657519b06ea49664 | J179: scripts/serving_parity.py | K179: public in repo (tracked)
A180: parity.outcome | B180: Saved app-vs-evaluation parity run: outcome | C180: pass | D180: text | E180: parity | F180: reports/serving_parity.json | G180: /outcome | H180: 2026-10-20T17:44:10+00:00 | I180: d43b660ed9cc0189f9f5b34b6e997ce700339ddea80c1a60657519b06ea49664 | J180: scripts/serving_parity.py | K180: public in repo (tracked)
A181: parity.model_version | B181: Saved app-vs-evaluation parity run: model_version | C181: lightgbm.dyn-prof-v2.gt-primary-2026-10-13-fusion | D181: text | E181: parity | F181: reports/serving_parity.json | G181: /model_version | H181: 2026-10-20T17:44:10+00:00 | I181: d43b660ed9cc0189f9f5b34b6e997ce700339ddea80c1a60657519b06ea49664 | J181: scripts/serving_parity.py | K181: public in repo (tracked)
A182: parity_final.compared | B182: Parity re-run in the final verification ledger: compared | C182: 15440 | D182: forecasts | E182: parity_final | F182: reports/verification/final_2026-10-22_145326Z/parity/serving_parity.json | G182: /compared | H182: 2026-10-22T15:02:11+00:00 | I182: 390c76b31f1d8546289b6dcbdca99e37c0ebe721e4b28199783060e50e1de489 | J182: scripts/serving_parity.py | K182: public in repo (tracked)
A183: parity_final.offline_forecasts | B183: Parity re-run in the final verification ledger: offline_forecasts | C183: 15440 | D183: forecasts | E183: parity_final | F183: reports/verification/final_2026-10-22_145326Z/parity/serving_parity.json | G183: /offline_forecasts | H183: 2026-10-22T15:02:11+00:00 | I183: 390c76b31f1d8546289b6dcbdca99e37c0ebe721e4b28199783060e50e1de489 | J183: scripts/serving_parity.py | K183: public in repo (tracked)
A184: parity_final.missing_online | B184: Parity re-run in the final verification ledger: missing_online | C184: 0 | D184: forecasts | E184: parity_final | F184: reports/verification/final_2026-10-22_145326Z/parity/serving_parity.json | G184: /missing_online | H184: 2026-10-22T15:02:11+00:00 | I184: 390c76b31f1d8546289b6dcbdca99e37c0ebe721e4b28199783060e50e1de489 | J184: scripts/serving_parity.py | K184: public in repo (tracked)
A185: parity_final.over_tolerance | B185: Parity re-run in the final verification ledger: over_tolerance | C185: 0 | D185: forecasts | E185: parity_final | F185: reports/verification/final_2026-10-22_145326Z/parity/serving_parity.json | G185: /over_tolerance | H185: 2026-10-22T15:02:11+00:00 | I185: 390c76b31f1d8546289b6dcbdca99e37c0ebe721e4b28199783060e50e1de489 | J185: scripts/serving_parity.py | K185: public in repo (tracked)
A186: parity_final.tolerance_mg_dl | B186: Parity re-run in the final verification ledger: tolerance_mg_dl | C186: 0.05 | D186: mg/dL | E186: parity_final | F186: reports/verification/final_2026-10-22_145326Z/parity/serving_parity.json | G186: /tolerance_mg_dl | H186: 2026-10-22T15:02:11+00:00 | I186: 390c76b31f1d8546289b6dcbdca99e37c0ebe721e4b28199783060e50e1de489 | J186: scripts/serving_parity.py | K186: public in repo (tracked)
A187: parity_final.max_abs_diff_mg_dl | B187: Parity re-run in the final verification ledger: max_abs_diff_mg_dl | C187: 0.04999756 | D187: mg/dL | E187: parity_final | F187: reports/verification/final_2026-10-22_145326Z/parity/serving_parity.json | G187: /max_abs_diff_mg_dl | H187: 2026-10-22T15:02:11+00:00 | I187: 390c76b31f1d8546289b6dcbdca99e37c0ebe721e4b28199783060e50e1de489 | J187: scripts/serving_parity.py | K187: public in repo (tracked)
A188: parity_final.participants | B188: Parity re-run in the final verification ledger: participants | C188: 14 | D188: people | E188: parity_final | F188: reports/verification/final_2026-10-22_145326Z/parity/serving_parity.json | G188: /participants | H188: 2026-10-22T15:02:11+00:00 | I188: 390c76b31f1d8546289b6dcbdca99e37c0ebe721e4b28199783060e50e1de489 | J188: scripts/serving_parity.py | K188: public in repo (tracked)
A189: parity_final.outcome | B189: Parity re-run in the final verification ledger: outcome | C189: pass | D189: text | E189: parity_final | F189: reports/verification/final_2026-10-22_145326Z/parity/serving_parity.json | G189: /outcome | H189: 2026-10-22T15:02:11+00:00 | I189: 390c76b31f1d8546289b6dcbdca99e37c0ebe721e4b28199783060e50e1de489 | J189: scripts/serving_parity.py | K189: public in repo (tracked)
A190: parity_final.model_version | B190: Parity re-run in the final verification ledger: model_version | C190: lightgbm.dyn-prof-v2.gt-primary-2026-10-13-fusion | D190: text | E190: parity_final | F190: reports/verification/final_2026-10-22_145326Z/parity/serving_parity.json | G190: /model_version | H190: 2026-10-22T15:02:11+00:00 | I190: 390c76b31f1d8546289b6dcbdca99e37c0ebe721e4b28199783060e50e1de489 | J190: scripts/serving_parity.py | K190: public in repo (tracked)
A191: nest.sel.mae30 | B191: Nested internal (14 people held out once): selected final, 30 min MAE | C191: 13.884 | D191: mg/dL | E191: nested | F191: artifacts/research/gt-nested-2026-10-12-v1/report.json | G191: /tracks/multimodal_5min/pipelines[pipeline=selected&mode=final]/horizons/30/mae | H191: 2026-10-12T13:28:51+00:00 | I191: 368c28117b15d8092b555cf31176aabdd9d8f3bc3bf5137097ef1ce6fec6466b | J191: protocol configs/experiments/gt-nested-2026-10-12-v1.yaml (first commit 90121a4 2026-10-12T20:39:33+05:30) | K191: local / reproducible-only (git-ignored)
A192: nest.sel.mae60 | B192: Nested internal (14 people held out once): selected final, 60 min MAE | C192: 22.305 | D192: mg/dL | E192: nested | F192: artifacts/research/gt-nested-2026-10-12-v1/report.json | G192: /tracks/multimodal_5min/pipelines[pipeline=selected&mode=final]/horizons/60/mae | H192: 2026-10-12T13:28:51+00:00 | I192: 368c28117b15d8092b555cf31176aabdd9d8f3bc3bf5137097ef1ce6fec6466b | J192: protocol configs/experiments/gt-nested-2026-10-12-v1.yaml (first commit 90121a4 2026-10-12T20:39:33+05:30) | K192: local / reproducible-only (git-ignored)
A193: nest.pers.mae30 | B193: Nested internal (14 people held out once): persistence:- off, 30 min MAE | C193: 15.339 | D193: mg/dL | E193: nested | F193: artifacts/research/gt-nested-2026-10-12-v1/report.json | G193: /tracks/multimodal_5min/pipelines[pipeline=persistence:-&mode=off]/horizons/30/mae | H193: 2026-10-12T13:28:51+00:00 | I193: 368c28117b15d8092b555cf31176aabdd9d8f3bc3bf5137097ef1ce6fec6466b | J193: protocol configs/experiments/gt-nested-2026-10-12-v1.yaml (first commit 90121a4 2026-10-12T20:39:33+05:30) | K193: local / reproducible-only (git-ignored)
A194: nest.pers.mae60 | B194: Nested internal (14 people held out once): persistence:- off, 60 min MAE | C194: 24.467 | D194: mg/dL | E194: nested | F194: artifacts/research/gt-nested-2026-10-12-v1/report.json | G194: /tracks/multimodal_5min/pipelines[pipeline=persistence:-&mode=off]/horizons/60/mae | H194: 2026-10-12T13:28:51+00:00 | I194: 368c28117b15d8092b555cf31176aabdd9d8f3bc3bf5137097ef1ce6fec6466b | J194: protocol configs/experiments/gt-nested-2026-10-12-v1.yaml (first commit 90121a4 2026-10-12T20:39:33+05:30) | K194: local / reproducible-only (git-ignored)
A195: nest.v2.mae30 | B195: Nested internal (14 people held out once): v2_recipe:dyn-v2 v2_policy, 30 min MAE | C195: 14.52 | D195: mg/dL | E195: nested | F195: artifacts/research/gt-nested-2026-10-12-v1/report.json | G195: /tracks/multimodal_5min/pipelines[pipeline=v2_recipe:dyn-v2&mode=v2_policy]/horizons/30/mae | H195: 2026-10-12T13:28:51+00:00 | I195: 368c28117b15d8092b555cf31176aabdd9d8f3bc3bf5137097ef1ce6fec6466b | J195: protocol configs/experiments/gt-nested-2026-10-12-v1.yaml (first commit 90121a4 2026-10-12T20:39:33+05:30) | K195: local / reproducible-only (git-ignored)
A196: nest.v2.mae60 | B196: Nested internal (14 people held out once): v2_recipe:dyn-v2 v2_policy, 60 min MAE | C196: 24.253 | D196: mg/dL | E196: nested | F196: artifacts/research/gt-nested-2026-10-12-v1/report.json | G196: /tracks/multimodal_5min/pipelines[pipeline=v2_recipe:dyn-v2&mode=v2_policy]/horizons/60/mae | H196: 2026-10-12T13:28:51+00:00 | I196: 368c28117b15d8092b555cf31176aabdd9d8f3bc3bf5137097ef1ce6fec6466b | J196: protocol configs/experiments/gt-nested-2026-10-12-v1.yaml (first commit 90121a4 2026-10-12T20:39:33+05:30) | K196: local / reproducible-only (git-ignored)
A197: nest.cov30 | B197: Nested internal: selected procedure 80 % range coverage, 30 min | C197: 0.80073652 | D197: share | E197: nested | F197: artifacts/research/gt-nested-2026-10-12-v1/report.json | G197: /tracks/multimodal_5min/pipelines[pipeline=selected&mode=final]/intervals/30/global/coverage_pooled | H197: 2026-10-12T13:28:51+00:00 | I197: 368c28117b15d8092b555cf31176aabdd9d8f3bc3bf5137097ef1ce6fec6466b | J197: protocol configs/experiments/gt-nested-2026-10-12-v1.yaml (first commit 90121a4 2026-10-12T20:39:33+05:30) | K197: local / reproducible-only (git-ignored)
A198: nest.prof.d30 | B198: Nested: profile minus no profile (LightGBM L2, population), 30 min | C198: 0.335 | D198: mg/dL | E198: nested | F198: artifacts/research/gt-nested-2026-10-12-v1/report.json | G198: /tracks/multimodal_5min/comparisons[comparison=Profile inputs: LightGBM L2 dyn-prof-v2 minus dyn-v2&horizon=30]/mean_diff | H198: 2026-10-12T13:28:51+00:00 | I198: 368c28117b15d8092b555cf31176aabdd9d8f3bc3bf5137097ef1ce6fec6466b | J198: protocol configs/experiments/gt-nested-2026-10-12-v1.yaml (first commit 90121a4 2026-10-12T20:39:33+05:30) | K198: local / reproducible-only (git-ignored)
A199: nest.prof.lo30 | B199: 95 % CI lower | C199: -0.275 | D199: mg/dL | E199: nested | F199: artifacts/research/gt-nested-2026-10-12-v1/report.json | G199: /tracks/multimodal_5min/comparisons[comparison=Profile inputs: LightGBM L2 dyn-prof-v2 minus dyn-v2&horizon=30]/ci95[0] | H199: 2026-10-12T13:28:51+00:00 | I199: 368c28117b15d8092b555cf31176aabdd9d8f3bc3bf5137097ef1ce6fec6466b | J199: protocol configs/experiments/gt-nested-2026-10-12-v1.yaml (first commit 90121a4 2026-10-12T20:39:33+05:30) | K199: local / reproducible-only (git-ignored)
A200: nest.prof.hi30 | B200: 95 % CI upper | C200: 0.894 | D200: mg/dL | E200: nested | F200: artifacts/research/gt-nested-2026-10-12-v1/report.json | G200: /tracks/multimodal_5min/comparisons[comparison=Profile inputs: LightGBM L2 dyn-prof-v2 minus dyn-v2&horizon=30]/ci95[1] | H200: 2026-10-12T13:28:51+00:00 | I200: 368c28117b15d8092b555cf31176aabdd9d8f3bc3bf5137097ef1ce6fec6466b | J200: protocol configs/experiments/gt-nested-2026-10-12-v1.yaml (first commit 90121a4 2026-10-12T20:39:33+05:30) | K200: local / reproducible-only (git-ignored)
A201: ext.cand.mae30 | B201: External ShanghaiT2DM (98): 15-min LightGBM, 30 min MAE | C201: 11.153 | D201: mg/dL | E201: nested | F201: artifacts/research/gt-nested-2026-10-12-v1/report.json | G201: /external/pipelines[pipeline=lightgbm_l2:cgm15-v1&mode=final]/horizons/30/mae | H201: 2026-10-12T13:28:51+00:00 | I201: 368c28117b15d8092b555cf31176aabdd9d8f3bc3bf5137097ef1ce6fec6466b | J201: protocol configs/experiments/gt-nested-2026-10-12-v1.yaml (first commit 90121a4 2026-10-12T20:39:33+05:30) | K201: local / reproducible-only (git-ignored)
A202: ext.pers.mae30 | B202: External ShanghaiT2DM: persistence, 30 min MAE | C202: 12.145 | D202: mg/dL | E202: nested | F202: artifacts/research/gt-nested-2026-10-12-v1/report.json | G202: /external/pipelines[pipeline=persistence:-&mode=off]/horizons/30/mae | H202: 2026-10-12T13:28:51+00:00 | I202: 368c28117b15d8092b555cf31176aabdd9d8f3bc3bf5137097ef1ce6fec6466b | J202: protocol configs/experiments/gt-nested-2026-10-12-v1.yaml (first commit 90121a4 2026-10-12T20:39:33+05:30) | K202: local / reproducible-only (git-ignored)
... A295: blend.alpha | B295: D-048 selected blend weight | C295: 0.75 | D295: alpha | E295: blend | F295: artifacts/research/gt-blend-2026-10-21/development.json | G295: /decision/final_selected_alpha | H295: 2026-10-20T15:06:54+00:00 (file time) | I295: f422cff1c14118d0134d4de1a2a42d30a3e843cf4b2a46da1e7faa68bb4593a4 | J295: protocol configs/experiments/gt-blend-2026-10-21.yaml (first commit 2799ab3 2026-10-20T20:36:41+05:30) | K295: local / reproducible-only (git-ignored)
A296: blend.target_met | B296: D-048 saved outcome: development target met | C296: FALSE | D296: flag | E296: blend | F296: artifacts/research/gt-blend-2026-10-21/development.json | G296: /decision/target_met | H296: 2026-10-20T15:06:54+00:00 (file time) | I296: f422cff1c14118d0134d4de1a2a42d30a3e843cf4b2a46da1e7faa68bb4593a4 | J296: protocol configs/experiments/gt-blend-2026-10-21.yaml (first commit 2799ab3 2026-10-20T20:36:41+05:30) | K296: local / reproducible-only (git-ignored)
A297: blend.inc60 | B297: D-048 alpha = 1 (incumbent) 60-min development MAE | C297: 22.278536 | D297: mg/dL | E297: blend | F297: artifacts/research/gt-blend-2026-10-21/development.json | G297: /folds/final/alphas/1.0/mae_60 | H297: 2026-10-20T15:06:54+00:00 (file time) | I297: f422cff1c14118d0134d4de1a2a42d30a3e843cf4b2a46da1e7faa68bb4593a4 | J297: protocol configs/experiments/gt-blend-2026-10-21.yaml (first commit 2799ab3 2026-10-20T20:36:41+05:30) | K297: local / reproducible-only (git-ignored)
A298: blend.written_at | B298: D-048 protocol written (before any alpha < 1 scored) | C298: 46315.629 | D298: UTC | E298: blend_proto | F298: artifacts/research/gt-blend-2026-10-21/protocol_written.json | G298: /written_at | H298: 2026-10-20T15:06:25+00:00 | I298: acf506c74a5ab5648574e9993bf554e8ede6fbf5e4e916ebf72119e70ed68aed | J298: protocol configs/experiments/gt-blend-2026-10-21.yaml (first commit 2799ab3 2026-10-20T20:36:41+05:30) | K298: local / reproducible-only (git-ignored)
A299: blend.dev_time | B299: D-048 development decision written | C299: 46315.63 | D299: UTC | E299: blend | F299: artifacts/research/gt-blend-2026-10-21/development.json | G299: file modification time of development.json (local; the file has no timestamp field) | H299: 2026-10-20T15:06:54+00:00 (file time) | I299: f422cff1c14118d0134d4de1a2a42d30a3e843cf4b2a46da1e7faa68bb4593a4 | J299: protocol configs/experiments/gt-blend-2026-10-21.yaml (first commit 2799ab3 2026-10-20T20:36:41+05:30) | K299: local / reproducible-only (git-ignored)
A300: rt.A1.gain_60 | B300: D-049 A1_participant_balanced vs B0: gain_60 (gain positive = lower error) | C300: -0.039482822 | D300: mg/dL | E300: retrain | F300: artifacts/research/gt-retrain-2026-10-21/development.json | G300: /selection/by_arm/A1_participant_balanced/checks/gain_60 | H300: 2026-10-20T17:02:49+00:00 | I300: 5531fea058f80e4638d34b485038e9a5db1b0998f3754bb24a7e39a0d63dc859 | J300: protocol configs/experiments/gt-retrain-2026-10-21.yaml (first commit 83b36ec 2026-10-20T22:30:08+05:30) | K300: local / reproducible-only (git-ignored)
A301: rt.A1.worsening_30 | B301: D-049 A1_participant_balanced vs B0: worsening_30 (gain positive = lower error) | C301: 0.0071327289 | D301: mg/dL | E301: retrain | F301: artifacts/research/gt-retrain-2026-10-21/development.json | G301: /selection/by_arm/A1_participant_balanced/checks/worsening_30 | H301: 2026-10-20T17:02:49+00:00 | I301: 5531fea058f80e4638d34b485038e9a5db1b0998f3754bb24a7e39a0d63dc859 | J301: protocol configs/experiments/gt-retrain-2026-10-21.yaml (first commit 83b36ec 2026-10-20T22:30:08+05:30) | K301: local / reproducible-only (git-ignored)
A302: rt.A1.high_worsening_60 | B302: D-049 A1_participant_balanced vs B0: high_worsening_60 (gain positive = lower error) | C302: 0.0032799199 | D302: mg/dL | E302: retrain | F302: artifacts/research/gt-retrain-2026-10-21/development.json | G302: /selection/by_arm/A1_participant_balanced/checks/high_worsening_60 | H302: 2026-10-20T17:02:49+00:00 | I302: 5531fea058f80e4638d34b485038e9a5db1b0998f3754bb24a7e39a0d63dc859 | J302: protocol configs/experiments/gt-retrain-2026-10-21.yaml (first commit 83b36ec 2026-10-20T22:30:08+05:30) | K302: local / reproducible-only (git-ignored)
A303: rt.A1.availability_drop_points | B303: D-049 A1_participant_balanced vs B0: availability_drop_points (gain positive = lower error) | C303: 0 | D303: points | E303: retrain | F303: artifacts/research/gt-retrain-2026-10-21/development.json | G303: /selection/by_arm/A1_participant_balanced/checks/availability_drop_points | H303: 2026-10-20T17:02:49+00:00 | I303: 5531fea058f80e4638d34b485038e9a5db1b0998f3754bb24a7e39a0d63dc859 | J303: protocol configs/experiments/gt-retrain-2026-10-21.yaml (first commit 83b36ec 2026-10-20T22:30:08+05:30) | K303: local / reproducible-only (git-ignored)
A304: rt.A1.qualifies | B304: D-049 A1_participant_balanced: saved qualifies flag | C304: FALSE | D304: flag | E304: retrain | F304: artifacts/research/gt-retrain-2026-10-21/development.json | G304: /selection/by_arm/A1_participant_balanced/qualifies | H304: 2026-10-20T17:02:49+00:00 | I304: 5531fea058f80e4638d34b485038e9a5db1b0998f3754bb24a7e39a0d63dc859 | J304: protocol configs/experiments/gt-retrain-2026-10-21.yaml (first commit 83b36ec 2026-10-20T22:30:08+05:30) | K304: local / reproducible-only (git-ignored)
A305: rt.A2.gain_60 | B305: D-049 A2_balanced_rising_2x vs B0: gain_60 (gain positive = lower error) | C305: 0.070008375 | D305: mg/dL | E305: retrain | F305: artifacts/research/gt-retrain-2026-10-21/development.json | G305: /selection/by_arm/A2_balanced_rising_2x/checks/gain_60 | H305: 2026-10-20T17:02:49+00:00 | I305: 5531fea058f80e4638d34b485038e9a5db1b0998f3754bb24a7e39a0d63dc859 | J305: protocol configs/experiments/gt-retrain-2026-10-21.yaml (first commit 83b36ec 2026-10-20T22:30:08+05:30) | K305: local / reproducible-only (git-ignored)
A306: rt.A2.worsening_30 | B306: D-049 A2_balanced_rising_2x vs B0: worsening_30 (gain positive = lower error) | C306: 0.047787496 | D306: mg/dL | E306: retrain | F306: artifacts/research/gt-retrain-2026-10-21/development.json | G306: /selection/by_arm/A2_balanced_rising_2x/checks/worsening_30 | H306: 2026-10-20T17:02:49+00:00 | I306: 5531fea058f80e4638d34b485038e9a5db1b0998f3754bb24a7e39a0d63dc859 | J306: protocol configs/experiments/gt-retrain-2026-10-21.yaml (first commit 83b36ec 2026-10-20T22:30:08+05:30) | K306: local / reproducible-only (git-ignored)
A307: rt.A2.high_worsening_60 | B307: D-049 A2_balanced_rising_2x vs B0: high_worsening_60 (gain positive = lower error) | C307: 0.16537217 | D307: mg/dL | E307: retrain | F307: artifacts/research/gt-retrain-2026-10-21/development.json | G307: /selection/by_arm/A2_balanced_rising_2x/checks/high_worsening_60 | H307: 2026-10-20T17:02:49+00:00 | I307: 5531fea058f80e4638d34b485038e9a5db1b0998f3754bb24a7e39a0d63dc859 | J307: protocol configs/experiments/gt-retrain-2026-10-21.yaml (first commit 83b36ec 2026-10-20T22:30:08+05:30) | K307: local / reproducible-only (git-ignored)
A308: rt.A2.availability_drop_points | B308: D-049 A2_balanced_rising_2x vs B0: availability_drop_points (gain positive = lower error) | C308: 0 | D308: points | E308: retrain | F308: artifacts/research/gt-retrain-2026-10-21/development.json | G308: /selection/by_arm/A2_balanced_rising_2x/checks/availability_drop_points | H308: 2026-10-20T17:02:49+00:00 | I308: 5531fea058f80e4638d34b485038e9a5db1b0998f3754bb24a7e39a0d63dc859 | J308: protocol configs/experiments/gt-retrain-2026-10-21.yaml (first commit 83b36ec 2026-10-20T22:30:08+05:30) | K308: local / reproducible-only (git-ignored)
A309: rt.A2.qualifies | B309: D-049 A2_balanced_rising_2x: saved qualifies flag | C309: FALSE | D309: flag | E309: retrain | F309: artifacts/research/gt-retrain-2026-10-21/development.json | G309: /selection/by_arm/A2_balanced_rising_2x/qualifies | H309: 2026-10-20T17:02:49+00:00 | I309: 5531fea058f80e4638d34b485038e9a5db1b0998f3754bb24a7e39a0d63dc859 | J309: protocol configs/experiments/gt-retrain-2026-10-21.yaml (first commit 83b36ec 2026-10-20T22:30:08+05:30) | K309: local / reproducible-only (git-ignored)
A310: rt.B1.gain_60 | B310: D-049 B1_balanced_long_history vs B0: gain_60 (gain positive = lower error) | C310: 0.4112213 | D310: mg/dL | E310: retrain | F310: artifacts/research/gt-retrain-2026-10-21/development.json | G310: /selection/by_arm/B1_balanced_long_history/checks/gain_60 | H310: 2026-10-20T17:02:49+00:00 | I310: 5531fea058f80e4638d34b485038e9a5db1b0998f3754bb24a7e39a0d63dc859 | J310: protocol configs/experiments/gt-retrain-2026-10-21.yaml (first commit 83b36ec 2026-10-20T22:30:08+05:30) | K310: local / reproducible-only (git-ignored)
A311: rt.B1.worsening_30 | B311: D-049 B1_balanced_long_history vs B0: worsening_30 (gain positive = lower error) | C311: -0.085897073 | D311: mg/dL | E311: retrain | F311: artifacts/research/gt-retrain-2026-10-21/development.json | G311: /selection/by_arm/B1_balanced_long_history/checks/worsening_30 | H311: 2026-10-20T17:02:49+00:00 | I311: 5531fea058f80e4638d34b485038e9a5db1b0998f3754bb24a7e39a0d63dc859 | J311: protocol configs/experiments/gt-retrain-2026-10-21.yaml (first commit 83b36ec 2026-10-20T22:30:08+05:30) | K311: local / reproducible-only (git-ignored)
A312: rt.B1.high_worsening_60 | B312: D-049 B1_balanced_long_history vs B0: high_worsening_60 (gain positive = lower error) | C312: -0.18038306 | D312: mg/dL | E312: retrain | F312: artifacts/research/gt-retrain-2026-10-21/development.json | G312: /selection/by_arm/B1_balanced_long_history/checks/high_worsening_60 | H312: 2026-10-20T17:02:49+00:00 | I312: 5531fea058f80e4638d34b485038e9a5db1b0998f3754bb24a7e39a0d63dc859 | J312: protocol configs/experiments/gt-retrain-2026-10-21.yaml (first commit 83b36ec 2026-10-20T22:30:08+05:30) | K312: local / reproducible-only (git-ignored)
A313: rt.B1.availability_drop_points | B313: D-049 B1_balanced_long_history vs B0: availability_drop_points (gain positive = lower error) | C313: 0 | D313: points | E313: retrain | F313: artifacts/research/gt-retrain-2026-10-21/development.json | G313: /selection/by_arm/B1_balanced_long_history/checks/availability_drop_points | H313: 2026-10-20T17:02:49+00:00 | I313: 5531fea058f80e4638d34b485038e9a5db1b0998f3754bb24a7e39a0d63dc859 | J313: protocol configs/experiments/gt-retrain-2026-10-21.yaml (first commit 83b36ec 2026-10-20T22:30:08+05:30) | K313: local / reproducible-only (git-ignored)
A314: rt.B1.qualifies | B314: D-049 B1_balanced_long_history: saved qualifies flag | C314: FALSE | D314: flag | E314: retrain | F314: artifacts/research/gt-retrain-2026-10-21/development.json | G314: /selection/by_arm/B1_balanced_long_history/qualifies | H314: 2026-10-20T17:02:49+00:00 | I314: 5531fea058f80e4638d34b485038e9a5db1b0998f3754bb24a7e39a0d63dc859 | J314: protocol configs/experiments/gt-retrain-2026-10-21.yaml (first commit 83b36ec 2026-10-20T22:30:08+05:30) | K314: local / reproducible-only (git-ignored)
A315: rt.B1pop.d | B315: D-049 B1 population-only 60-min change (descriptive, after selection) | C315: -1.3871557 | D315: mg/dL | E315: retrain | F315: artifacts/research/gt-retrain-2026-10-21/development.json | G315: /development_paired_descriptive/B1_pop_60/mean_diff | H315: 2026-10-20T17:02:49+00:00 | I315: 5531fea058f80e4638d34b485038e9a5db1b0998f3754bb24a7e39a0d63dc859 | J315: protocol configs/experiments/gt-retrain-2026-10-21.yaml (first commit 83b36ec 2026-10-20T22:30:08+05:30) | K315: local / reproducible-only (git-ignored)
A316: rt.B1pop.lo | B316: 95 % CI lower | C316: -2.6219425 | D316: mg/dL | E316: retrain | F316: artifacts/research/gt-retrain-2026-10-21/development.json | G316: /development_paired_descriptive/B1_pop_60/ci95[0] | H316: 2026-10-20T17:02:49+00:00 | I316: 5531fea058f80e4638d34b485038e9a5db1b0998f3754bb24a7e39a0d63dc859 | J316: protocol configs/experiments/gt-retrain-2026-10-21.yaml (first commit 83b36ec 2026-10-20T22:30:08+05:30) | K316: local / reproducible-only (git-ignored)
A317: rt.B1pop.hi | B317: 95 % CI upper | C317: -0.29174061 | D317: mg/dL | E317: retrain | F317: artifacts/research/gt-retrain-2026-10-21/development.json | G317: /development_paired_descriptive/B1_pop_60/ci95[1] | H317: 2026-10-20T17:02:49+00:00 | I317: 5531fea058f80e4638d34b485038e9a5db1b0998f3754bb24a7e39a0d63dc859 | J317: protocol configs/experiments/gt-retrain-2026-10-21.yaml (first commit 83b36ec 2026-10-20T22:30:08+05:30) | K317: local / reproducible-only (git-ignored)
A318: rt.started_at | B318: D-049 run start | C318: 46315.71 | D318: UTC | E318: retrain | F318: artifacts/research/gt-retrain-2026-10-21/development.json | G318: /started_at | H318: 2026-10-20T17:02:49+00:00 | I318: 5531fea058f80e4638d34b485038e9a5db1b0998f3754bb24a7e39a0d63dc859 | J318: protocol configs/experiments/gt-retrain-2026-10-21.yaml (first commit 83b36ec 2026-10-20T22:30:08+05:30) | K318: local / reproducible-only (git-ignored)
A319: rg.err.G | B319: D-050 pre-test mean |coverage − 0.80|, shape G | C319: 0.064843335 | D319: share | E319: ranges | F319: artifacts/research/gt-ranges-2026-10-21/summary.json | G319: /pre_test_check/coverage_error/G | H319: 2026-10-20T17:40:17+00:00 | I319: 181b8c28e242361beeda778b2f9baa4b7a1091cf66e2e14b7a178682de8df7fd | J319: protocol configs/experiments/gt-ranges-2026-10-21.yaml (first commit 0de0889 2026-10-20T23:09:42+05:30) | K319: local / reproducible-only (git-ignored)
A320: rg.width.G | B320: D-050 pre-test mean width, shape G | C320: 54.9728 | D320: mg/dL | E320: ranges | F320: artifacts/research/gt-ranges-2026-10-21/summary.json | G320: /pre_test_check/width_mean/G | H320: 2026-10-20T17:40:17+00:00 | I320: 181b8c28e242361beeda778b2f9baa4b7a1091cf66e2e14b7a178682de8df7fd | J320: protocol configs/experiments/gt-ranges-2026-10-21.yaml (first commit 0de0889 2026-10-20T23:09:42+05:30) | K320: local / reproducible-only (git-ignored)
A321: rg.err.T | B321: D-050 pre-test mean |coverage − 0.80|, shape T | C321: 0.057673925 | D321: share | E321: ranges | F321: artifacts/research/gt-ranges-2026-10-21/summary.json | G321: /pre_test_check/coverage_error/T | H321: 2026-10-20T17:40:17+00:00 | I321: 181b8c28e242361beeda778b2f9baa4b7a1091cf66e2e14b7a178682de8df7fd | J321: protocol configs/experiments/gt-ranges-2026-10-21.yaml (first commit 0de0889 2026-10-20T23:09:42+05:30) | K321: local / reproducible-only (git-ignored)
A322: rg.width.T | B322: D-050 pre-test mean width, shape T | C322: 51.594614 | D322: mg/dL | E322: ranges | F322: artifacts/research/gt-ranges-2026-10-21/summary.json | G322: /pre_test_check/width_mean/T | H322: 2026-10-20T17:40:17+00:00 | I322: 181b8c28e242361beeda778b2f9baa4b7a1091cf66e2e14b7a178682de8df7fd | J322: protocol configs/experiments/gt-ranges-2026-10-21.yaml (first commit 0de0889 2026-10-20T23:09:42+05:30) | K322: local / reproducible-only (git-ignored)
A323: rg.chosen | B323: D-050 saved choice | C323: G | D323: text | E323: ranges | F323: artifacts/research/gt-ranges-2026-10-21/summary.json | G323: /pre_test_check/chosen | H323: 2026-10-20T17:40:17+00:00 | I323: 181b8c28e242361beeda778b2f9baa4b7a1091cf66e2e14b7a178682de8df7fd | J323: protocol configs/experiments/gt-ranges-2026-10-21.yaml (first commit 0de0889 2026-10-20T23:09:42+05:30) | K323: local / reproducible-only (git-ignored)
A324: rg.inc.cov30 | B324: D-050 final test (read once), incumbent_G_calibration, 30 min coverage | C324: 0.74204442 | D324: share | E324: ranges | F324: artifacts/research/gt-ranges-2026-10-21/summary.json | G324: /test_retrospective/incumbent_G_calibration/30/coverage | H324: 2026-10-20T17:40:17+00:00 | I324: 181b8c28e242361beeda778b2f9baa4b7a1091cf66e2e14b7a178682de8df7fd | J324: protocol configs/experiments/gt-ranges-2026-10-21.yaml (first commit 0de0889 2026-10-20T23:09:42+05:30) | K324: local / reproducible-only (git-ignored)
A325: rg.inc.width30 | B325: D-050 final test, incumbent_G_calibration, 30 min mean width | C325: 33.423399 | D325: mg/dL | E325: ranges | F325: artifacts/research/gt-ranges-2026-10-21/summary.json | G325: /test_retrospective/incumbent_G_calibration/30/width_mean | H325: 2026-10-20T17:40:17+00:00 | I325: 181b8c28e242361beeda778b2f9baa4b7a1091cf66e2e14b7a178682de8df7fd | J325: protocol configs/experiments/gt-ranges-2026-10-21.yaml (first commit 0de0889 2026-10-20T23:09:42+05:30) | K325: local / reproducible-only (git-ignored)
...

Sheet Cohorts
A1: Cohorts — who each result counts | F1: ← About / navigation
A2: Separate evaluation groups; never compare rows across groups.
A4: Evaluation group | B4: Dataset / version | C4: Participants | D4: What the participant count means | E4: Cadence | F4: Split roles | G4: Horizon (min) | H4: Origins / forecasts | I4: Hours | J4: Onsets | K4: Inspected / unseen status | L4: Opening disclosure | M4: Model scope | N4: Source IDs
A5: Serving test (final test segment) | B5: CGMacros 1.0.0 | C5: =IF(AND(ISNUMBER(Sources!$C$115)),Sources!$C$115,"unavailable") | D5: Type 2 group (HbA1c > 6.4 %), same people as training | E5: 5 min | F5: Chronological 60/10/10/20 within each person: training / selection / calibration / test, purge gaps | G5: 30, 60 | H5: =IF(AND(ISNUMBER(Sources!$C$109)),Sources!$C$109,"unavailable") | I5: =IF(AND(ISNUMBER(Sources!$C$111)),Sources!$C$111,"unavailable") | J5: =IF(AND(ISNUMBER(Sources!$C$114)),Sources!$C$114,"unavailable") | K5: Inspected: the v1/v2 test segment was read before the fusion constraint was declared (retrospective) | L5: Later recordings of the same 14 people — never 'unseen patients' | M5: Serving fusion LightGBM + correction | N5: fus.participants; fus.seg.test.*
A6: Serving model selection (validation segment) | B6: CGMacros 1.0.0 | C6: =IF(AND(ISNUMBER(Sources!$C$115)),Sources!$C$115,"unavailable") | D6: Same 14 people | E6: 5 min | F6: Validation segment used for model, threshold and adaptation choice | G6: 30, 60 | H6: =IF(AND(ISNUMBER(Sources!$C$97)),Sources!$C$97,"unavailable") | I6: =IF(AND(ISNUMBER(Sources!$C$99)),Sources!$C$99,"unavailable") | J6: =IF(AND(ISNUMBER(Sources!$C$102)),Sources!$C$102,"unavailable") | K6: Used for selection | L6: — | M6: Serving candidates | N6: fus.seg.validation.*
A7: Serving calibration segment | B7: CGMacros 1.0.0 | C7: =IF(AND(ISNUMBER(Sources!$C$115)),Sources!$C$115,"unavailable") | D7: Same 14 people | E7: 5 min | F7: Split-conformal range calibration | G7: 30, 60 | H7: =IF(AND(ISNUMBER(Sources!$C$103)),Sources!$C$103,"unavailable") | I7: =IF(AND(ISNUMBER(Sources!$C$105)),Sources!$C$105,"unavailable") | J7: =IF(AND(ISNUMBER(Sources!$C$108)),Sources!$C$108,"unavailable") | K7: Used for calibration | L7: — | M7: Serving ranges | N7: fus.seg.calibration.*
A8: Excluded CGMacros participants | B8: CGMacros 1.0.0 | C8: =IF(AND(ISNUMBER(Sources!$C$116)),Sources!$C$116,"unavailable") | D8: Pre-diabetes or no diabetes; replay only | E8: 5 min | F8: Never used in training or evaluation | G8: — | H8: — | I8: — | J8: — | K8: Not evaluated | L8: — | M8: Replay only | N8: fus.excluded; inv.cgm
A9: Participant-held-out internal (D-032 nested; D-043…D-053 reuse the folds) | B9: CGMacros 1.0.0 | C9: =IF(AND(ISNUMBER(Sources!$C$458)),Sources!$C$458,"unavailable") | D9: Each of the 14 people held out entirely once (5 outer folds) | E9: 5 min | F9: Outer folds assess; inner folds select; calibration people for ranges | G9: 30, 60 (120 in D-043) | H9: — | I9: — | J9: — | K9: Previously inspected people: internal validation, not an untouched cohort | L9: Each study opens its outer folds once behind a lock file | M9: Research procedures (not served) | N9: inv.cgm_eval; nest.*
A10: External (D-032 first opening; D-045 second opening) | B10: ShanghaiT2DM, figshare 21600933 v5 | C10: =IF(AND(ISNUMBER(Sources!$C$459)),Sources!$C$459,"unavailable") | D10: Type 2 people imported (100) with usable recordings | E10: 15 min | F10: Assessment only; nothing chosen on this cohort | G10: 30, 60, 120 | H10: — | I10: — | J10: — | K10: Reserved external cohort | L10: Opened twice (D-032 30/60; D-045 120) | M10: CGM-only 15-min LightGBM — not the fusion model | N10: inv.sh; inv.sh_eval
A11: Foundation baseline (D-054) | B11: CGMacros 1.0.0 | C11: =IF(AND(ISNUMBER(Sources!$C$115)),Sources!$C$115,"unavailable") | D11: All 14 Type 2 people, all eligible origins | E11: 5 min | F11: No training (zero-shot) | G11: 30, 60 | H11: =IF(AND(ISNUMBER(Sources!$C$455)),Sources!$C$455,"unavailable") | I11: — | J11: — | K11: Previously inspected people | L11: — | M11: Chronos-Bolt-Tiny, CGM only | N11: fd.origins
A12: Synthetic demonstration | B12: Fictional synthetic participants | C12: — | D12: Fictional; labelled synthetic everywhere | E12: 5 min | F12: — | G12: 30, 60 | H12: — | I12: — | J12: — | K12: Never evidence of performance | L12: — | M12: synthetic-demo.lightgbm.dyn-v2.v1 | N12: reg.synthetic; reg.synthetic_fitted

Sheet Forecasts
A1: Forecasts — errors by evaluation, model and horizon | F1: ← About / navigation
A2: MAE = mean absolute error, macro (equal weight per participant). Difference = candidate − persistence on the same origins (negative = lower error). Saved paired differences and CIs are participant-bootstrap values from the artifacts.
A4: Evaluation group | B4: Model / procedure | C4: Horizon (min) | D4: Aggregation | E4: MAE (mg/dL) | F4: Persistence MAE, same origins | G4: Candidate − persistence (formula) | H4: Relative change % (formula) | I4: RMSE (mg/dL) | J4: Saved paired diff | K4: CI 95 % low | L4: CI 95 % high | M4: Note | N4: Source IDs
A5: Serving model, final test segment (later recordings of the same 14 people; retrospective, inspected) | B5: Fusion LightGBM + correction (SERVING) | C5: 30 | D5: macro per participant | E5: =IF(AND(ISNUMBER(Sources!$C$25)),Sources!$C$25,"unavailable") | F5: =IF(AND(ISNUMBER(Sources!$C$5)),Sources!$C$5,"unavailable") | G5: =IF(AND(ISNUMBER(E5),ISNUMBER(F5)),E5-F5,"unavailable") | H5: =IF(AND(ISNUMBER(E5),ISNUMBER(F5)),(E5-F5)/F5*100,"unavailable") | I5: =IF(AND(ISNUMBER(Sources!$C$26)),Sources!$C$26,"unavailable") | J5: =IF(AND(ISNUMBER(Sources!$C$37)),Sources!$C$37,"unavailable") | K5: =IF(AND(ISNUMBER(Sources!$C$38)),Sources!$C$38,"unavailable") | L5: =IF(AND(ISNUMBER(Sources!$C$39)),Sources!$C$39,"unavailable") | M5: Retrospective; same 14 people as training | N5: fus.serv.mae30; fus.pers.mae30; fus.serv.rmse30; fus.cmp.sp.d30; fus.cmp.sp.lo30; fus.cmp.sp.hi30
A6: Serving model, final test segment (later recordings of the same 14 people; retrospective, inspected) | B6: Fusion LightGBM + correction (SERVING) | C6: 60 | D6: macro per participant | E6: =IF(AND(ISNUMBER(Sources!$C$29)),Sources!$C$29,"unavailable") | F6: =IF(AND(ISNUMBER(Sources!$C$7)),Sources!$C$7,"unavailable") | G6: =IF(AND(ISNUMBER(E6),ISNUMBER(F6)),E6-F6,"unavailable") | H6: =IF(AND(ISNUMBER(E6),ISNUMBER(F6)),(E6-F6)/F6*100,"unavailable") | I6: =IF(AND(ISNUMBER(Sources!$C$30)),Sources!$C$30,"unavailable") | J6: =IF(AND(ISNUMBER(Sources!$C$40)),Sources!$C$40,"unavailable") | K6: =IF(AND(ISNUMBER(Sources!$C$41)),Sources!$C$41,"unavailable") | L6: =IF(AND(ISNUMBER(Sources!$C$42)),Sources!$C$42,"unavailable") | M6: Retrospective; same 14 people as training | N6: fus.serv.mae60; fus.pers.mae60; fus.serv.rmse60; fus.cmp.sp.d60; fus.cmp.sp.lo60; fus.cmp.sp.hi60
A7: Serving model, final test segment (later recordings of the same 14 people; retrospective, inspected) | B7: CatBoost + profile + correction (not selected) | C7: 30 | D7: macro per participant | E7: =IF(AND(ISNUMBER(Sources!$C$33)),Sources!$C$33,"unavailable") | F7: =IF(AND(ISNUMBER(Sources!$C$5)),Sources!$C$5,"unavailable") | G7: =IF(AND(ISNUMBER(E7),ISNUMBER(F7)),E7-F7,"unavailable") | H7: =IF(AND(ISNUMBER(E7),ISNUMBER(F7)),(E7-F7)/F7*100,"unavailable") | I7: =IF(AND(ISNUMBER(Sources!$C$34)),Sources!$C$34,"unavailable") | J7: — | K7: — | L7: — | N7: fus.cbpa.mae30; fus.pers.mae30; fus.cbpa.rmse30
A8: Serving model, final test segment (later recordings of the same 14 people; retrospective, inspected) | B8: CatBoost + profile + correction (not selected) | C8: 60 | D8: macro per participant | E8: =IF(AND(ISNUMBER(Sources!$C$35)),Sources!$C$35,"unavailable") | F8: =IF(AND(ISNUMBER(Sources!$C$7)),Sources!$C$7,"unavailable") | G8: =IF(AND(ISNUMBER(E8),ISNUMBER(F8)),E8-F8,"unavailable") | H8: =IF(AND(ISNUMBER(E8),ISNUMBER(F8)),(E8-F8)/F8*100,"unavailable") | I8: =IF(AND(ISNUMBER(Sources!$C$36)),Sources!$C$36,"unavailable") | J8: — | K8: — | L8: — | N8: fus.cbpa.mae60; fus.pers.mae60; fus.cbpa.rmse60
A9: Serving model, final test segment (later recordings of the same 14 people; retrospective, inspected) | B9: LightGBM + profile, population | C9: 30 | D9: macro per participant | E9: =IF(AND(ISNUMBER(Sources!$C$21)),Sources!$C$21,"unavailable") | F9: =IF(AND(ISNUMBER(Sources!$C$5)),Sources!$C$5,"unavailable") | G9: =IF(AND(ISNUMBER(E9),ISNUMBER(F9)),E9-F9,"unavailable") | H9: =IF(AND(ISNUMBER(E9),ISNUMBER(F9)),(E9-F9)/F9*100,"unavailable") | I9: =IF(AND(ISNUMBER(Sources!$C$22)),Sources!$C$22,"unavailable") | J9: — | K9: — | L9: — | N9: fus.lgbp.mae30; fus.pers.mae30; fus.lgbp.rmse30
A10: Serving model, final test segment (later recordings of the same 14 people; retrospective, inspected) | B10: LightGBM + profile, population | C10: 60 | D10: macro per participant | E10: =IF(AND(ISNUMBER(Sources!$C$23)),Sources!$C$23,"unavailable") | F10: =IF(AND(ISNUMBER(Sources!$C$7)),Sources!$C$7,"unavailable") | G10: =IF(AND(ISNUMBER(E10),ISNUMBER(F10)),E10-F10,"unavailable") | H10: =IF(AND(ISNUMBER(E10),ISNUMBER(F10)),(E10-F10)/F10*100,"unavailable") | I10: =IF(AND(ISNUMBER(Sources!$C$24)),Sources!$C$24,"unavailable") | J10: — | K10: — | L10: — | N10: fus.lgbp.mae60; fus.pers.mae60; fus.lgbp.rmse60
A11: Serving model, final test segment (later recordings of the same 14 people; retrospective, inspected) | B11: LightGBM dynamic-only + correction (v2) | C11: 30 | D11: macro per participant | E11: =IF(AND(ISNUMBER(Sources!$C$17)),Sources!$C$17,"unavailable") | F11: =IF(AND(ISNUMBER(Sources!$C$5)),Sources!$C$5,"unavailable") | G11: =IF(AND(ISNUMBER(E11),ISNUMBER(F11)),E11-F11,"unavailable") | H11: =IF(AND(ISNUMBER(E11),ISNUMBER(F11)),(E11-F11)/F11*100,"unavailable") | I11: =IF(AND(ISNUMBER(Sources!$C$18)),Sources!$C$18,"unavailable") | J11: — | K11: — | L11: — | N11: fus.v2a.mae30; fus.pers.mae30; fus.v2a.rmse30
A12: Serving model, final test segment (later recordings of the same 14 people; retrospective, inspected) | B12: LightGBM dynamic-only + correction (v2) | C12: 60 | D12: macro per participant | E12: =IF(AND(ISNUMBER(Sources!$C$19)),Sources!$C$19,"unavailable") | F12: =IF(AND(ISNUMBER(Sources!$C$7)),Sources!$C$7,"unavailable") | G12: =IF(AND(ISNUMBER(E12),ISNUMBER(F12)),E12-F12,"unavailable") | H12: =IF(AND(ISNUMBER(E12),ISNUMBER(F12)),(E12-F12)/F12*100,"unavailable") | I12: =IF(AND(ISNUMBER(Sources!$C$20)),Sources!$C$20,"unavailable") | J12: — | K12: — | L12: — | N12: fus.v2a.mae60; fus.pers.mae60; fus.v2a.rmse60
A13: Serving model, final test segment (later recordings of the same 14 people; retrospective, inspected) | B13: Ridge dynamic + profile | C13: 30 | D13: macro per participant | E13: =IF(AND(ISNUMBER(Sources!$C$13)),Sources!$C$13,"unavailable") | F13: =IF(AND(ISNUMBER(Sources!$C$5)),Sources!$C$5,"unavailable") | G13: =IF(AND(ISNUMBER(E13),ISNUMBER(F13)),E13-F13,"unavailable") | H13: =IF(AND(ISNUMBER(E13),ISNUMBER(F13)),(E13-F13)/F13*100,"unavailable") | I13: =IF(AND(ISNUMBER(Sources!$C$14)),Sources!$C$14,"unavailable") | J13: — | K13: — | L13: — | N13: fus.ridgep.mae30; fus.pers.mae30; fus.ridgep.rmse30
A14: Serving model, final test segment (later recordings of the same 14 people; retrospective, inspected) | B14: Ridge dynamic + profile | C14: 60 | D14: macro per participant | E14: =IF(AND(ISNUMBER(Sources!$C$15)),Sources!$C$15,"unavailable") | F14: =IF(AND(ISNUMBER(Sources!$C$7)),Sources!$C$7,"unavailable") | G14: =IF(AND(ISNUMBER(E14),ISNUMBER(F14)),E14-F14,"unavailable") | H14: =IF(AND(ISNUMBER(E14),ISNUMBER(F14)),(E14-F14)/F14*100,"unavailable") | I14: =IF(AND(ISNUMBER(Sources!$C$16)),Sources!$C$16,"unavailable") | J14: — | K14: — | L14: — | N14: fus.ridgep.mae60; fus.pers.mae60; fus.ridgep.rmse60
A15: Serving model, final test segment (later recordings of the same 14 people; retrospective, inspected) | B15: Linear trend | C15: 30 | D15: macro per participant | E15: =IF(AND(ISNUMBER(Sources!$C$9)),Sources!$C$9,"unavailable") | F15: =IF(AND(ISNUMBER(Sources!$C$5)),Sources!$C$5,"unavailable") | G15: =IF(AND(ISNUMBER(E15),ISNUMBER(F15)),E15-F15,"unavailable") | H15: =IF(AND(ISNUMBER(E15),ISNUMBER(F15)),(E15-F15)/F15*100,"unavailable") | I15: =IF(AND(ISNUMBER(Sources!$C$10)),Sources!$C$10,"unavailable") | J15: — | K15: — | L15: — | N15: fus.trend.mae30; fus.pers.mae30; fus.trend.rmse30
A16: Serving model, final test segment (later recordings of the same 14 people; retrospective, inspected) | B16: Linear trend | C16: 60 | D16: macro per participant | E16: =IF(AND(ISNUMBER(Sources!$C$11)),Sources!$C$11,"unavailable") | F16: =IF(AND(ISNUMBER(Sources!$C$7)),Sources!$C$7,"unavailable") | G16: =IF(AND(ISNUMBER(E16),ISNUMBER(F16)),E16-F16,"unavailable") | H16: =IF(AND(ISNUMBER(E16),ISNUMBER(F16)),(E16-F16)/F16*100,"unavailable") | I16: =IF(AND(ISNUMBER(Sources!$C$12)),Sources!$C$12,"unavailable") | J16: — | K16: — | L16: — | N16: fus.trend.mae60; fus.pers.mae60; fus.trend.rmse60
A17: Serving model, final test segment (later recordings of the same 14 people; retrospective, inspected) | B17: Persistence | C17: 30 | D17: macro per participant | E17: =IF(AND(ISNUMBER(Sources!$C$5)),Sources!$C$5,"unavailable") | F17: =IF(AND(ISNUMBER(Sources!$C$5)),Sources!$C$5,"unavailable") | G17: =IF(AND(ISNUMBER(E17),ISNUMBER(F17)),E17-F17,"unavailable") | H17: =IF(AND(ISNUMBER(E17),ISNUMBER(F17)),(E17-F17)/F17*100,"unavailable") | I17: =IF(AND(ISNUMBER(Sources!$C$6)),Sources!$C$6,"unavailable") | J17: — | K17: — | L17: — | N17: fus.pers.mae30; fus.pers.mae30; fus.pers.rmse30
A18: Serving model, final test segment (later recordings of the same 14 people; retrospective, inspected) | B18: Persistence | C18: 60 | D18: macro per participant | E18: =IF(AND(ISNUMBER(Sources!$C$7)),Sources!$C$7,"unavailable") | F18: =IF(AND(ISNUMBER(Sources!$C$7)),Sources!$C$7,"unavailable") | G18: =IF(AND(ISNUMBER(E18),ISNUMBER(F18)),E18-F18,"unavailable") | H18: =IF(AND(ISNUMBER(E18),ISNUMBER(F18)),(E18-F18)/F18*100,"unavailable") | I18: =IF(AND(ISNUMBER(Sources!$C$8)),Sources!$C$8,"unavailable") | J18: — | K18: — | L18: — | N18: fus.pers.mae60; fus.pers.mae60; fus.pers.rmse60
A19: Participant-held-out internal (14 CGMacros people, each held out once; previously inspected) (D-032) | B19: Selected research procedure (Ridge CGM-only in 4/5 folds) | C19: 30 | D19: macro per participant | E19: =IF(AND(ISNUMBER(Sources!$C$191)),Sources!$C$191,"unavailable") | F19: =IF(AND(ISNUMBER(Sources!$C$193)),Sources!$C$193,"unavailable") | G19: =IF(AND(ISNUMBER(E19),ISNUMBER(F19)),E19-F19,"unavailable") | H19: =IF(AND(ISNUMBER(E19),ISNUMBER(F19)),(E19-F19)/F19*100,"unavailable") | I19: not in source | J19: — | K19: — | L19: — | M19: Not served | N19: nest.sel.mae30; nest.pers.mae30
A20: Participant-held-out internal (14 CGMacros people, each held out once; previously inspected) (D-032) | B20: Selected research procedure (Ridge CGM-only in 4/5 folds) | C20: 60 | D20: macro per participant | E20: =IF(AND(ISNUMBER(Sources!$C$192)),Sources!$C$192,"unavailable") | F20: =IF(AND(ISNUMBER(Sources!$C$194)),Sources!$C$194,"unavailable") | G20: =IF(AND(ISNUMBER(E20),ISNUMBER(F20)),E20-F20,"unavailable") | H20: =IF(AND(ISNUMBER(E20),ISNUMBER(F20)),(E20-F20)/F20*100,"unavailable") | I20: not in source | J20: — | K20: — | L20: — | M20: Not served | N20: nest.sel.mae60; nest.pers.mae60
A21: Participant-held-out internal (14 CGMacros people, each held out once; previously inspected) (D-032) | B21: v2 recipe refit per fold | C21: 30 | D21: macro per participant | E21: =IF(AND(ISNUMBER(Sources!$C$195)),Sources!$C$195,"unavailable") | F21: =IF(AND(ISNUMBER(Sources!$C$193)),Sources!$C$193,"unavailable") | G21: =IF(AND(ISNUMBER(E21),ISNUMBER(F21)),E21-F21,"unavailable") | H21: =IF(AND(ISNUMBER(E21),ISNUMBER(F21)),(E21-F21)/F21*100,"unavailable") | I21: not in source | J21: — | K21: — | L21: — | M21: Not served | N21: nest.v2.mae30; nest.pers.mae30
A22: Participant-held-out internal (14 CGMacros people, each held out once; previously inspected) (D-032) | B22: v2 recipe refit per fold | C22: 60 | D22: macro per participant | E22: =IF(AND(ISNUMBER(Sources!$C$196)),Sources!$C$196,"unavailable") | F22: =IF(AND(ISNUMBER(Sources!$C$194)),Sources!$C$194,"unavailable") | G22: =IF(AND(ISNUMBER(E22),ISNUMBER(F22)),E22-F22,"unavailable") | H22: =IF(AND(ISNUMBER(E22),ISNUMBER(F22)),(E22-F22)/F22*100,"unavailable") | I22: not in source | J22: — | K22: — | L22: — | M22: Not served | N22: nest.v2.mae60; nest.pers.mae60
A23: External ShanghaiT2DM, 98 people, CGM-only procedure (not the serving fusion model) (D-032) | B23: 15-min LightGBM, CGM only | C23: 30 | D23: macro per participant | E23: =IF(AND(ISNUMBER(Sources!$C$201)),Sources!$C$201,"unavailable") | F23: =IF(AND(ISNUMBER(Sources!$C$202)),Sources!$C$202,"unavailable") | G23: =IF(AND(ISNUMBER(E23),ISNUMBER(F23)),E23-F23,"unavailable") | H23: =IF(AND(ISNUMBER(E23),ISNUMBER(F23)),(E23-F23)/F23*100,"unavailable") | I23: not in source | J23: =IF(AND(ISNUMBER(Sources!$C$203)),Sources!$C$203,"unavailable") | K23: =IF(AND(ISNUMBER(Sources!$C$204)),Sources!$C$204,"unavailable") | L23: =IF(AND(ISNUMBER(Sources!$C$205)),Sources!$C$205,"unavailable") | M23: Not the fusion model | N23: ext.cand.mae30; ext.pers.mae30; ext.cmp.mean_diff30; ext.cmp.lo30; ext.cmp.hi30
A24: External ShanghaiT2DM, 98 people, CGM-only procedure (not the serving fusion model) (D-032) | B24: 15-min LightGBM, CGM only | C24: 60 | D24: macro per participant | E24: =IF(AND(ISNUMBER(Sources!$C$213)),Sources!$C$213,"unavailable") | F24: =IF(AND(ISNUMBER(Sources!$C$214)),Sources!$C$214,"unavailable") | G24: =IF(AND(ISNUMBER(E24),ISNUMBER(F24)),E24-F24,"unavailable") | H24: =IF(AND(ISNUMBER(E24),ISNUMBER(F24)),(E24-F24)/F24*100,"unavailable") | I24: not in source | J24: =IF(AND(ISNUMBER(Sources!$C$215)),Sources!$C$215,"unavailable") | K24: =IF(AND(ISNUMBER(Sources!$C$216)),Sources!$C$216,"unavailable") | L24: =IF(AND(ISNUMBER(Sources!$C$217)),Sources!$C$217,"unavailable") | M24: Not the fusion model | N24: ext.cand.mae60; ext.pers.mae60; ext.cmp.mean_diff60; ext.cmp.lo60; ext.cmp.hi60
A25: Participant-held-out internal (14 CGMacros people, each held out once; previously inspected) (D-043) | B25: Two-hour selected procedure, personalised | C25: 30 | D25: macro per participant | E25: =IF(AND(ISNUMBER(Sources!$C$224)),Sources!$C$224,"unavailable") | F25: =IF(AND(ISNUMBER(Sources!$C$225)),Sources!$C$225,"unavailable") | G25: =IF(AND(ISNUMBER(E25),ISNUMBER(F25)),E25-F25,"unavailable") | H25: =IF(AND(ISNUMBER(E25),ISNUMBER(F25)),(E25-F25)/F25*100,"unavailable") | I25: not in source | J25: — | K25: — | L25: — | M25: Not served | N25: 2h.sel.mae30; 2h.pers.mae30
A26: External ShanghaiT2DM, 98 people, CGM-only procedure (not the serving fusion model) (D-045) | B26: 15-min LightGBM refit for 120 min | C26: 30 | D26: macro per participant | E26: =IF(AND(ISNUMBER(Sources!$C$247)),Sources!$C$247,"unavailable") | F26: =IF(AND(ISNUMBER(Sources!$C$248)),Sources!$C$248,"unavailable") | G26: =IF(AND(ISNUMBER(E26),ISNUMBER(F26)),E26-F26,"unavailable") | H26: =IF(AND(ISNUMBER(E26),ISNUMBER(F26)),(E26-F26)/F26*100,"unavailable") | I26: not in source | J26: — | K26: — | L26: — | M26: Second opening of the cohort | N26: 2hx.mae30; 2hx.pers30
A27: Participant-held-out internal (14 CGMacros people, each held out once; previously inspected) (D-043) | B27: Two-hour selected procedure, personalised | C27: 60 | D27: macro per participant | E27: =IF(AND(ISNUMBER(Sources!$C$226)),Sources!$C$226,"unavailable") | F27: =IF(AND(ISNUMBER(Sources!$C$227)),Sources!$C$227,"unavailable") | G27: =IF(AND(ISNUMBER(E27),ISNUMBER(F27)),E27-F27,"unavailable") | H27: =IF(AND(ISNUMBER(E27),ISNUMBER(F27)),(E27-F27)/F27*100,"unavailable") | I27: not in source | J27: — | K27: — | L27: — | M27: Not served | N27: 2h.sel.mae60; 2h.pers.mae60
A28: External ShanghaiT2DM, 98 people, CGM-only procedure (not the serving fusion model) (D-045) | B28: 15-min LightGBM refit for 120 min | C28: 60 | D28: macro per participant | E28: =IF(AND(ISNUMBER(Sources!$C$249)),Sources!$C$249,"unavailable") | F28: =IF(AND(ISNUMBER(Sources!$C$250)),Sources!$C$250,"unavailable") | G28: =IF(AND(ISNUMBER(E28),ISNUMBER(F28)),E28-F28,"unavailable") | H28: =IF(AND(ISNUMBER(E28),ISNUMBER(F28)),(E28-F28)/F28*100,"unavailable") | I28: not in source | J28: — | K28: — | L28: — | M28: Second opening of the cohort | N28: 2hx.mae60; 2hx.pers60
A29: Participant-held-out internal (14 CGMacros people, each held out once; previously inspected) (D-043) | B29: Two-hour selected procedure, personalised | C29: 120 | D29: macro per participant | E29: =IF(AND(ISNUMBER(Sources!$C$228)),Sources!$C$228,"unavailable") | F29: =IF(AND(ISNUMBER(Sources!$C$229)),Sources!$C$229,"unavailable") | G29: =IF(AND(ISNUMBER(E29),ISNUMBER(F29)),E29-F29,"unavailable") | H29: =IF(AND(ISNUMBER(E29),ISNUMBER(F29)),(E29-F29)/F29*100,"unavailable") | I29: not in source | J29: =IF(AND(ISNUMBER(Sources!$C$230)),Sources!$C$230,"unavailable") | K29: =IF(AND(ISNUMBER(Sources!$C$231)),Sources!$C$231,"unavailable") | L29: =IF(AND(ISNUMBER(Sources!$C$232)),Sources!$C$232,"unavailable") | M29: Not served | N29: 2h.sel.mae120; 2h.pers.mae120; 2h.cmp.d; 2h.cmp.lo; 2h.cmp.hi
A30: External ShanghaiT2DM, 98 people, CGM-only procedure (not the serving fusion model) (D-045) | B30: 15-min LightGBM refit for 120 min | C30: 120 | D30: macro per participant | E30: =IF(AND(ISNUMBER(Sources!$C$251)),Sources!$C$251,"unavailable") | F30: =IF(AND(ISNUMBER(Sources!$C$252)),Sources!$C$252,"unavailable") | G30: =IF(AND(ISNUMBER(E30),ISNUMBER(F30)),E30-F30,"unavailable") | H30: =IF(AND(ISNUMBER(E30),ISNUMBER(F30)),(E30-F30)/F30*100,"unavailable") | I30: not in source | J30: =IF(AND(ISNUMBER(Sources!$C$253)),Sources!$C$253,"unavailable") | K30: =IF(AND(ISNUMBER(Sources!$C$254)),Sources!$C$254,"unavailable") | L30: =IF(AND(ISNUMBER(Sources!$C$255)),Sources!$C$255,"unavailable") | M30: Second opening of the cohort | N30: 2hx.mae120; 2hx.pers120; 2hx.cmp.mean_diff; 2hx.cmp.lo; 2hx.cmp.hi
A31: Participant-held-out internal (14 CGMacros people, each held out once; previously inspected) (D-053) | B31: Constrained selection S (not adopted) | C31: 30 | D31: macro per participant | E31: =IF(AND(ISNUMBER(Sources!$C$389)),Sources!$C$389,"unavailable") | F31: =IF(AND(ISNUMBER(Sources!$C$393)),Sources!$C$393,"unavailable") | G31: =IF(AND(ISNUMBER(E31),ISNUMBER(F31)),E31-F31,"unavailable") | H31: =IF(AND(ISNUMBER(E31),ISNUMBER(F31)),(E31-F31)/F31*100,"unavailable") | I31: not in source | J31: — | K31: — | L31: — | M31: Gate failed; not adopted | N31: cs.S.mae30; cs.persistence.mae30
A32: Participant-held-out internal (14 CGMacros people, each held out once; previously inspected) (D-053) | B32: Serving recipe refitted in the same folds (R0) | C32: 30 | D32: macro per participant | E32: =IF(AND(ISNUMBER(Sources!$C$391)),Sources!$C$391,"unavailable") | F32: =IF(AND(ISNUMBER(Sources!$C$393)),Sources!$C$393,"unavailable") | G32: =IF(AND(ISNUMBER(E32),ISNUMBER(F32)),E32-F32,"unavailable") | H32: =IF(AND(ISNUMBER(E32),ISNUMBER(F32)),(E32-F32)/F32*100,"unavailable") | I32: not in source | J32: — | K32: — | L32: — | N32: cs.R0.mae30; cs.persistence.mae30
A33: Participant-held-out internal (14 CGMacros people, each held out once; previously inspected) — all origins (D-054) | B33: Chronos-Bolt-Tiny zero-shot, CGM only | C33: 30 | D33: macro per participant | E33: =IF(AND(ISNUMBER(Sources!$C$433)),Sources!$C$433,"unavailable") | F33: =IF(AND(ISNUMBER(Sources!$C$435)),Sources!$C$435,"unavailable") | G33: =IF(AND(ISNUMBER(E33),ISNUMBER(F33)),E33-F33,"unavailable") | H33: =IF(AND(ISNUMBER(E33),ISNUMBER(F33)),(E33-F33)/F33*100,"unavailable") | I33: not in source | J33: — | K33: — | L33: — | M33: Not fine-tuned, not served | N33: fd.FM30; fd.P30
A34: Participant-held-out internal (14 CGMacros people, each held out once; previously inspected) (D-053) | B34: Constrained selection S (not adopted) | C34: 60 | D34: macro per participant | E34: =IF(AND(ISNUMBER(Sources!$C$390)),Sources!$C$390,"unavailable") | F34: =IF(AND(ISNUMBER(Sources!$C$394)),Sources!$C$394,"unavailable") | G34: =IF(AND(ISNUMBER(E34),ISNUMBER(F34)),E34-F34,"unavailable") | H34: =IF(AND(ISNUMBER(E34),ISNUMBER(F34)),(E34-F34)/F34*100,"unavailable") | I34: not in source | J34: — | K34: — | L34: — | M34: Gate failed; not adopted | N34: cs.S.mae60; cs.persistence.mae60
A35: Participant-held-out internal (14 CGMacros people, each held out once; previously inspected) (D-053) | B35: Serving recipe refitted in the same folds (R0) | C35: 60 | D35: macro per participant | E35: =IF(AND(ISNUMBER(Sources!$C$392)),Sources!$C$392,"unavailable") | F35: =IF(AND(ISNUMBER(Sources!$C$394)),Sources!$C$394,"unavailable") | G35: =IF(AND(ISNUMBER(E35),ISNUMBER(F35)),E35-F35,"unavailable") | H35: =IF(AND(ISNUMBER(E35),ISNUMBER(F35)),(E35-F35)/F35*100,"unavailable") | I35: not in source | J35: =IF(AND(ISNUMBER(Sources!$C$397)),Sources!$C$397,"unavailable") | K35: =IF(AND(ISNUMBER(Sources!$C$398)),Sources!$C$398,"unavailable") | L35: =IF(AND(ISNUMBER(Sources!$C$399)),Sources!$C$399,"unavailable") | M35: Saved diff on this row = S − R0 | N35: cs.R0.mae60; cs.persistence.mae60; cs.p60.mean_diff; cs.p60.lo; cs.p60.hi
A36: Participant-held-out internal (14 CGMacros people, each held out once; previously inspected) — all origins (D-054) | B36: Chronos-Bolt-Tiny zero-shot, CGM only | C36: 60 | D36: macro per participant | E36: =IF(AND(ISNUMBER(Sources!$C$432)),Sources!$C$432,"unavailable") | F36: =IF(AND(ISNUMBER(Sources!$C$434)),Sources!$C$434,"unavailable") | G36: =IF(AND(ISNUMBER(E36),ISNUMBER(F36)),E36-F36,"unavailable") | H36: =IF(AND(ISNUMBER(E36),ISNUMBER(F36)),(E36-F36)/F36*100,"unavailable") | I36: not in source | J36: =IF(AND(ISNUMBER(Sources!$C$437)),Sources!$C$437,"unavailable") | K36: =IF(AND(ISNUMBER(Sources!$C$438)),Sources!$C$438,"unavailable") | L36: =IF(AND(ISNUMBER(Sources!$C$439)),Sources!$C$439,"unavailable") | M36: Not fine-tuned, not served | N36: fd.FM60; fd.P60; fd.fp.mean; fd.fp.lo; fd.fp.hi
A39: Chart data: serving test MAE vs persistence (references the table above)
A40: Horizon | B40: Serving fusion LightGBM | C40: Persistence
A41: 30 min | B41: =E5 | C41: =F5
A42: 60 min | B42: =E6 | C42: =F6

Sheet WarningRanges
A1: Warnings and prediction ranges | F1: ← About / navigation
A2: Numerator and denominator are shown for every share. Notice shares use ALL onsets; the median lead uses DETECTED onsets. False-alarm rates divide by the saved observed / eligible patient-day denominators (not by rounded hours).
A4: Section | B4: Metric | C4: Value (formula) | D4: Unit | E4: Numerator | F4: Denominator | G4: Definition / denominator meaning | H4: Saved value to agree with | I4: Agrees? | J4: Source IDs
A5: Serving warning (test) | B5: Onsets (eligible new sustained > 180 episodes) | C5: =IF(AND(ISNUMBER(Sources!$C$61)),Sources!$C$61,"unavailable") | D5: onsets | E5: — | F5: — | G5: Distinct new onsets; not origins | H5: — | I5: — | J5: fus.ev.true_onsets
A6: Serving warning (test) | B6: Detected onsets | C6: =IF(AND(ISNUMBER(Sources!$C$62)),Sources!$C$62,"unavailable") | D6: onsets | E6: — | F6: — | G6: Onsets matched to a warning episode | H6: — | I6: — | J6: fus.ev.detected_onsets
A7: Serving warning (test) | B7: Missed onsets | C7: =IF(AND(ISNUMBER(Sources!$C$61),ISNUMBER(Sources!$C$62)),Sources!$C$61-Sources!$C$62,"unavailable") | D7: onsets | E7: — | F7: — | H7: — | I7: — | J7: fus.ev.true_onsets; fus.ev.detected_onsets
A8: Serving warning (test) | B8: Detection share (detected / all onsets) | C8: =IF(AND(ISNUMBER(Sources!$C$62),ISNUMBER(Sources!$C$61)),Sources!$C$62/Sources!$C$61,"unavailable") | D8: share | E8: =IF(AND(ISNUMBER(Sources!$C$62)),Sources!$C$62,"unavailable") | F8: =IF(AND(ISNUMBER(Sources!$C$61)),Sources!$C$61,"unavailable") | G8: Recall over all onsets | H8: — | I8: — | J8: fus.ev.detected_onsets; fus.ev.true_onsets
A9: Serving warning (test) | B9: Warned ≥ 15 min ahead, share of ALL onsets | C9: =IF(AND(ISNUMBER(Sources!$C$125),ISNUMBER(Sources!$C$123)),Sources!$C$125/Sources!$C$123,"unavailable") | D9: share | E9: =IF(AND(ISNUMBER(Sources!$C$125)),Sources!$C$125,"unavailable") | F9: =IF(AND(ISNUMBER(Sources!$C$123)),Sources!$C$123,"unavailable") | G9: All onsets; a missed onset counts against it | H9: — | I9: — | J9: wu.ge15; wu.onsets
A10: Serving warning (test) | B10: Warned ≥ 30 min ahead, share of ALL onsets | C10: =IF(AND(ISNUMBER(Sources!$C$126),ISNUMBER(Sources!$C$123)),Sources!$C$126/Sources!$C$123,"unavailable") | D10: share | E10: =IF(AND(ISNUMBER(Sources!$C$126)),Sources!$C$126,"unavailable") | F10: =IF(AND(ISNUMBER(Sources!$C$123)),Sources!$C$123,"unavailable") | G10: All onsets (headline 48.4 %) | H10: — | I10: — | J10: wu.ge30; wu.onsets
A11: Serving warning (test) | B11: Warned ≥ 60 min ahead, share of ALL onsets | C11: =IF(AND(ISNUMBER(Sources!$C$127),ISNUMBER(Sources!$C$123)),Sources!$C$127/Sources!$C$123,"unavailable") | D11: share | E11: =IF(AND(ISNUMBER(Sources!$C$127)),Sources!$C$127,"unavailable") | F11: =IF(AND(ISNUMBER(Sources!$C$123)),Sources!$C$123,"unavailable") | G11: All onsets | H11: — | I11: — | J11: wu.ge60; wu.onsets
A12: Serving warning (test) | B12: Median qualified lead (DETECTED onsets only) | C12: =IF(AND(ISNUMBER(Sources!$C$70)),Sources!$C$70,"unavailable") | D12: min | E12: — | F12: =IF(AND(ISNUMBER(Sources!$C$71)),Sources!$C$71,"unavailable") | G12: Denominator = detected onsets with a qualified lead; not comparable to the all-onset shares | H12: =IF(AND(ISNUMBER(Sources!$C$131)),Sources!$C$131,"unavailable") | I12: =IF(AND(ISNUMBER(C12),ISNUMBER(H12)),IF(ABS(C12-H12)<1E-9*MAX(1,ABS(H12)),"agrees","DIFFERS"),"n/a") | J12: fus.ev.qualified_lead_median; fus.ev.qualified_lead_n; wu.lead_median
A13: Serving warning (test) | B13: Qualified lead IQR low (detected onsets) | C13: =IF(AND(ISNUMBER(Sources!$C$74)),Sources!$C$74,"unavailable") | D13: min | E13: — | F13: — | H13: =IF(AND(ISNUMBER(Sources!$C$133)),Sources!$C$133,"unavailable") | I13: =IF(AND(ISNUMBER(C13),ISNUMBER(H13)),IF(ABS(C13-H13)<1E-9*MAX(1,ABS(H13)),"agrees","DIFFERS"),"n/a") | J13: fus.ev.iqr_lo; wu.lead_q25
A14: Serving warning (test) | B14: Qualified lead IQR high (detected onsets) | C14: =IF(AND(ISNUMBER(Sources!$C$75)),Sources!$C$75,"unavailable") | D14: min | E14: — | F14: — | H14: =IF(AND(ISNUMBER(Sources!$C$134)),Sources!$C$134,"unavailable") | I14: =IF(AND(ISNUMBER(C14),ISNUMBER(H14)),IF(ABS(C14-H14)<1E-9*MAX(1,ABS(H14)),"agrees","DIFFERS"),"n/a") | J14: fus.ev.iqr_hi; wu.lead_q75
A15: Serving warning (test) | B15: False-alarm episodes | C15: =IF(AND(ISNUMBER(Sources!$C$64)),Sources!$C$64,"unavailable") | D15: episodes | E15: — | F15: — | H15: — | I15: — | J15: fus.ev.false_alarm_episodes
A16: Serving warning (test) | B16: Warning episodes | C16: =IF(AND(ISNUMBER(Sources!$C$63)),Sources!$C$63,"unavailable") | D16: episodes | E16: — | F16: — | H16: — | I16: — | J16: fus.ev.warning_episodes
A17: Serving warning (test) | B17: Precision (true episodes / episodes) | C17: =IF(AND(ISNUMBER(Sources!$C$63),ISNUMBER(Sources!$C$64)),(Sources!$C$63-Sources!$C$64)/Sources!$C$63,"unavailable") | D17: ratio | E17: — | F17: =IF(AND(ISNUMBER(Sources!$C$63)),Sources!$C$63,"unavailable") | H17: =IF(AND(ISNUMBER(Sources!$C$65)),Sources!$C$65,"unavailable") | I17: =IF(AND(ISNUMBER(C17),ISNUMBER(H17)),IF(ABS(C17-H17)<1E-9*MAX(1,ABS(H17)),"agrees","DIFFERS"),"n/a") | J17: fus.ev.warning_episodes; fus.ev.false_alarm_episodes; fus.ev.precision
A18: Serving warning (test) | B18: False alarms per OBSERVED patient-day | C18: =IF(AND(ISNUMBER(Sources!$C$64),ISNUMBER(Sources!$C$67)),Sources!$C$64/Sources!$C$67,"unavailable") | D18: per day | E18: =IF(AND(ISNUMBER(Sources!$C$64)),Sources!$C$64,"unavailable") | F18: =IF(AND(ISNUMBER(Sources!$C$67)),Sources!$C$67,"unavailable") | G18: Observed patient-days from saved event metadata (time base: issued origins × 5 min) | H18: =IF(AND(ISNUMBER(Sources!$C$66)),Sources!$C$66,"unavailable") | I18: =IF(AND(ISNUMBER(C18),ISNUMBER(H18)),IF(ABS(C18-H18)<1E-9*MAX(1,ABS(H18)),"agrees","DIFFERS"),"n/a") | J18: fus.ev.false_alarm_episodes; fus.ev.observed_patient_days; fus.ev.false_alarms_per_observed_patient_day
A19: Serving warning (test) | B19: False alarms per ELIGIBLE patient-day | C19: =IF(AND(ISNUMBER(Sources!$C$64),ISNUMBER(Sources!$C$68)),Sources!$C$64/Sources!$C$68,"unavailable") | D19: per day | E19: =IF(AND(ISNUMBER(Sources!$C$64)),Sources!$C$64,"unavailable") | F19: =IF(AND(ISNUMBER(Sources!$C$68)),Sources!$C$68,"unavailable") | G19: Eligible patient-days (below-threshold origins) — a different, smaller base | H19: =IF(AND(ISNUMBER(Sources!$C$69)),Sources!$C$69,"unavailable") | I19: =IF(AND(ISNUMBER(C19),ISNUMBER(H19)),IF(ABS(C19-H19)<1E-9*MAX(1,ABS(H19)),"agrees","DIFFERS"),"n/a") | J19: fus.ev.false_alarm_episodes; fus.ev.eligible_patient_days; fus.ev.false_alarms_per_patient_day
A20: Serving warning (test) | B20: Time in warning (share of eligible origins) | C20: =IF(AND(ISNUMBER(Sources!$C$128),ISNUMBER(Sources!$C$129)),Sources!$C$128/Sources!$C$129,"unavailable") | D20: share | E20: =IF(AND(ISNUMBER(Sources!$C$128)),Sources!$C$128,"unavailable") | F20: =IF(AND(ISNUMBER(Sources!$C$129)),Sources!$C$129,"unavailable") | G20: Post-hoc diagnostic | H20: =IF(AND(ISNUMBER(Sources!$C$130)),Sources!$C$130,"unavailable") | I20: =IF(AND(ISNUMBER(C20),ISNUMBER(H20)),IF(ABS(C20-H20)<1E-9*MAX(1,ABS(H20)),"agrees","DIFFERS"),"n/a") | J20: wu.firing; wu.eligible; wu.share_eligible
A21: Serving warning (test) | B21: Warning margin (score = max forecast − 180) | C21: =IF(AND(ISNUMBER(Sources!$C$72)),Sources!$C$72,"unavailable") | D21: mg/dL | E21: — | F21: — | G21: Chosen on validation by event F1 | H21: — | I21: — | J21: fus.ev.threshold
A22: Persistence warning (test) | B22: False alarms per observed patient-day | C22: =IF(AND(ISNUMBER(Sources!$C$78)),Sources!$C$78,"unavailable") | D22: per day | E22: — | F22: — | G22: Fires at 150 mg/dL | H22: — | I22: — | J22: fus.pev.false_alarms_per_observed_patient_day
A23: Serving ranges (test) | B23: 80 % range coverage, 30 min | C23: =IF(AND(ISNUMBER(Sources!$C$79)),Sources!$C$79,"unavailable") | D23: share | E23: — | F23: =IF(AND(ISNUMBER(Sources!$C$84)),Sources!$C$84,"unavailable") | G23: Pooled over forecasts | H23: — | I23: — | J23: fus.iv.coverage30; fus.iv.n30
A24: Serving ranges (test) | B24: 80 % range coverage, 60 min | C24: =IF(AND(ISNUMBER(Sources!$C$85)),Sources!$C$85,"unavailable") | D24: share | E24: — | F24: =IF(AND(ISNUMBER(Sources!$C$90)),Sources!$C$90,"unavailable") | G24: Pooled over forecasts | H24: — | I24: — | J24: fus.iv.coverage60; fus.iv.n60
A25: Serving ranges (test) | B25: Coverage gap vs target, 30 min (points) | C25: =IF(AND(ISNUMBER(Sources!$C$79),ISNUMBER(Sources!$C$493)),(Sources!$C$79-Sources!$C$493)*100,"unavailable") | D25: points | E25: — | F25: — | G25: Negative = under-coverage | H25: — | I25: — | J25: fus.iv.coverage30; const.target_cov
A26: Serving ranges (test) | B26: Coverage gap vs target, 60 min (points) | C26: =IF(AND(ISNUMBER(Sources!$C$85),ISNUMBER(Sources!$C$493)),(Sources!$C$85-Sources!$C$493)*100,"unavailable") | D26: points | E26: — | F26: — | G26: Negative = under-coverage | H26: — | I26: — | J26: fus.iv.coverage60; const.target_cov
A27: Serving ranges (test) | B27: Per-person coverage min, 30 min | C27: =IF(AND(ISNUMBER(Sources!$C$82)),Sources!$C$82,"unavailable") | D27: share | E27: — | F27: — | G27: Weakest participant | H27: — | I27: — | J27: fus.iv.per_patient_min30
A28: Serving ranges (test) | B28: Per-person coverage max, 30 min | C28: =IF(AND(ISNUMBER(Sources!$C$83)),Sources!$C$83,"unavailable") | D28: share | E28: — | F28: — | H28: — | I28: — | J28: fus.iv.per_patient_max30
A29: Serving ranges (test) | B29: Per-person coverage min, 60 min | C29: =IF(AND(ISNUMBER(Sources!$C$88)),Sources!$C$88,"unavailable") | D29: share | E29: — | F29: — | G29: Weakest participant | H29: — | I29: — | J29: fus.iv.per_patient_min60
A30: Serving ranges (test) | B30: Per-person coverage max, 60 min | C30: =IF(AND(ISNUMBER(Sources!$C$89)),Sources!$C$89,"unavailable") | D30: share | E30: — | F30: — | H30: — | I30: — | J30: fus.iv.per_patient_max60
A31: Serving ranges (test) | B31: Range width (full), 30 min | C31: =IF(AND(ISNUMBER(Sources!$C$80)),Sources!$C$80,"unavailable") | D31: mg/dL | E31: — | F31: — | G31: Full width: 2 × half-width q | H31: — | I31: — | J31: fus.iv.width30
A32: Serving ranges (test) | B32: Range width (full), 60 min | C32: =IF(AND(ISNUMBER(Sources!$C$86)),Sources!$C$86,"unavailable") | D32: mg/dL | E32: — | F32: — | G32: Full width: 2 × half-width q | H32: — | I32: — | J32: fus.iv.width60
A33: Trend context — VALIDATION | B33: falling_fast, 30 min: macro MAE | C33: =IF(AND(ISNUMBER(Sources!$C$138)),Sources!$C$138,"unavailable") | D33: mg/dL | E33: — | F33: =IF(AND(ISNUMBER(Sources!$C$140)),Sources!$C$140,"unavailable") | G33: Validation segment (selection data), not the test | H33: — | I33: — | J33: tr.falling_fast.mae30; tr.falling_fast.n30
A34: Trend context — VALIDATION | B34: falling_fast, 30 min: served range coverage | C34: =IF(AND(ISNUMBER(Sources!$C$139)),Sources!$C$139,"unavailable") | D34: share | E34: — | F34: =IF(AND(ISNUMBER(Sources!$C$140)),Sources!$C$140,"unavailable") | G34: Validation segment | H34: — | I34: — | J34: tr.falling_fast.cov30; tr.falling_fast.n30
A35: Trend context — VALIDATION | B35: falling_fast, 60 min: macro MAE | C35: =IF(AND(ISNUMBER(Sources!$C$157)),Sources!$C$157,"unavailable") | D35: mg/dL | E35: — | F35: =IF(AND(ISNUMBER(Sources!$C$159)),Sources!$C$159,"unavailable") | G35: Validation segment (selection data), not the test | H35: — | I35: — | J35: tr.falling_fast.mae60; tr.falling_fast.n60
A36: Trend context — VALIDATION | B36: falling_fast, 60 min: served range coverage | C36: =IF(AND(ISNUMBER(Sources!$C$158)),Sources!$C$158,"unavailable") | D36: share | E36: — | F36: =IF(AND(ISNUMBER(Sources!$C$159)),Sources!$C$159,"unavailable") | G36: Validation segment | H36: — | I36: — | J36: tr.falling_fast.cov60; tr.falling_fast.n60
A37: Trend context — VALIDATION | B37: falling, 30 min: macro MAE | C37: =IF(AND(ISNUMBER(Sources!$C$141)),Sources!$C$141,"unavailable") | D37: mg/dL | E37: — | F37: =IF(AND(ISNUMBER(Sources!$C$143)),Sources!$C$143,"unavailable") | G37: Validation segment (selection data), not the test | H37: — | I37: — | J37: tr.falling.mae30; tr.falling.n30
A38: Trend context — VALIDATION | B38: falling, 30 min: served range coverage | C38: =IF(AND(ISNUMBER(Sources!$C$142)),Sources!$C$142,"unavailable") | D38: share | E38: — | F38: =IF(AND(ISNUMBER(Sources!$C$143)),Sources!$C$143,"unavailable") | G38: Validation segment | H38: — | I38: — | J38: tr.falling.cov30; tr.falling.n30
A39: Trend context — VALIDATION | B39: falling, 60 min: macro MAE | C39: =IF(AND(ISNUMBER(Sources!$C$160)),Sources!$C$160,"unavailable") | D39: mg/dL | E39: — | F39: =IF(AND(ISNUMBER(Sources!$C$162)),Sources!$C$162,"unavailable") | G39: Validation segment (selection data), not the test | H39: — | I39: — | J39: tr.falling.mae60; tr.falling.n60
A40: Trend context — VALIDATION | B40: falling, 60 min: served range coverage | C40: =IF(AND(ISNUMBER(Sources!$C$161)),Sources!$C$161,"unavailable") | D40: share | E40: — | F40: =IF(AND(ISNUMBER(Sources!$C$162)),Sources!$C$162,"unavailable") | G40: Validation segment | H40: — | I40: — | J40: tr.falling.cov60; tr.falling.n60
A41: Trend context — VALIDATION | B41: steady, 30 min: macro MAE | C41: =IF(AND(ISNUMBER(Sources!$C$144)),Sources!$C$144,"unavailable") | D41: mg/dL | E41: — | F41: =IF(AND(ISNUMBER(Sources!$C$146)),Sources!$C$146,"unavailable") | G41: Validation segment (selection data), not the test | H41: — | I41: — | J41: tr.steady.mae30; tr.steady.n30
A42: Trend context — VALIDATION | B42: steady, 30 min: served range coverage | C42: =IF(AND(ISNUMBER(Sources!$C$145)),Sources!$C$145,"unavailable") | D42: share | E42: — | F42: =IF(AND(ISNUMBER(Sources!$C$146)),Sources!$C$146,"unavailable") | G42: Validation segment | H42: — | I42: — | J42: tr.steady.cov30; tr.steady.n30
A43: Trend context — VALIDATION | B43: steady, 60 min: macro MAE | C43: =IF(AND(ISNUMBER(Sources!$C$163)),Sources!$C$163,"unavailable") | D43: mg/dL | E43: — | F43: =IF(AND(ISNUMBER(Sources!$C$165)),Sources!$C$165,"unavailable") | G43: Validation segment (selection data), not the test | H43: — | I43: — | J43: tr.steady.mae60; tr.steady.n60
A44: Trend context — VALIDATION | B44: steady, 60 min: served range coverage | C44: =IF(AND(ISNUMBER(Sources!$C$164)),Sources!$C$164,"unavailable") | D44: share | E44: — | F44: =IF(AND(ISNUMBER(Sources!$C$165)),Sources!$C$165,"unavailable") | G44: Validation segment | H44: — | I44: — | J44: tr.steady.cov60; tr.steady.n60
A45: Trend context — VALIDATION | B45: rising, 30 min: macro MAE | C45: =IF(AND(ISNUMBER(Sources!$C$147)),Sources!$C$147,"unavailable") | D45: mg/dL | E45: — | F45: =IF(AND(ISNUMBER(Sources!$C$149)),Sources!$C$149,"unavailable") | G45: Validation segment (selection data), not the test | H45: — | I45: — | J45: tr.rising.mae30; tr.rising.n30
A46: Trend context — VALIDATION | B46: rising, 30 min: served range coverage | C46: =IF(AND(ISNUMBER(Sources!$C$148)),Sources!$C$148,"unavailable") | D46: share | E46: — | F46: =IF(AND(ISNUMBER(Sources!$C$149)),Sources!$C$149,"unavailable") | G46: Validation segment | H46: — | I46: — | J46: tr.rising.cov30; tr.rising.n30
A47: Trend context — VALIDATION | B47: rising, 60 min: macro MAE | C47: =IF(AND(ISNUMBER(Sources!$C$166)),Sources!$C$166,"unavailable") | D47: mg/dL | E47: — | F47: =IF(AND(ISNUMBER(Sources!$C$168)),Sources!$C$168,"unavailable") | G47: Validation segment (selection data), not the test | H47: — | I47: — | J47: tr.rising.mae60; tr.rising.n60
A48: Trend context — VALIDATION | B48: rising, 60 min: served range coverage | C48: =IF(AND(ISNUMBER(Sources!$C$167)),Sources!$C$167,"unavailable") | D48: share | E48: — | F48: =IF(AND(ISNUMBER(Sources!$C$168)),Sources!$C$168,"unavailable") | G48: Validation segment | H48: — | I48: — | J48: tr.rising.cov60; tr.rising.n60
A49: Trend context — VALIDATION | B49: rising_fast, 30 min: macro MAE | C49: =IF(AND(ISNUMBER(Sources!$C$150)),Sources!$C$150,"unavailable") | D49: mg/dL | E49: — | F49: =IF(AND(ISNUMBER(Sources!$C$152)),Sources!$C$152,"unavailable") | G49: Validation segment (selection data), not the test | H49: — | I49: — | J49: tr.rising_fast.mae30; tr.rising_fast.n30
A50: Trend context — VALIDATION | B50: rising_fast, 30 min: served range coverage | C50: =IF(AND(ISNUMBER(Sources!$C$151)),Sources!$C$151,"unavailable") | D50: share | E50: — | F50: =IF(AND(ISNUMBER(Sources!$C$152)),Sources!$C$152,"unavailable") | G50: Validation segment | H50: — | I50: — | J50: tr.rising_fast.cov30; tr.rising_fast.n30
A51: Trend context — VALIDATION | B51: rising_fast, 60 min: macro MAE | C51: =IF(AND(ISNUMBER(Sources!$C$169)),Sources!$C$169,"unavailable") | D51: mg/dL | E51: — | F51: =IF(AND(ISNUMBER(Sources!$C$171)),Sources!$C$171,"unavailable") | G51: Validation segment (selection data), not the test | H51: — | I51: — | J51: tr.rising_fast.mae60; tr.rising_fast.n60
A52: Trend context — VALIDATION | B52: rising_fast, 60 min: served range coverage | C52: =IF(AND(ISNUMBER(Sources!$C$170)),Sources!$C$170,"unavailable") | D52: share | E52: — | F52: =IF(AND(ISNUMBER(Sources!$C$171)),Sources!$C$171,"unavailable") | G52: Validation segment | H52: — | I52: — | J52: tr.rising_fast.cov60; tr.rising_fast.n60
A53: Trend context — FINAL TEST (D-050, read once) | B53: rising, 30 min: served range coverage | C53: =IF(AND(ISNUMBER(Sources!$C$326)),Sources!$C$326,"unavailable") | D53: share | E53: — | F53: =IF(AND(ISNUMBER(Sources!$C$327)),Sources!$C$327,"unavailable") | G53: Final test, retrospective; rising/falling = |slope| > 1 mg/dL/min | H53: — | I53: — | J53: rg.inc.rising30; rg.inc.risingn30
A54: Trend context — FINAL TEST (D-050, read once) | B54: rising, 60 min: served range coverage | C54: =IF(AND(ISNUMBER(Sources!$C$334)),Sources!$C$334,"unavailable") | D54: share | E54: — | F54: =IF(AND(ISNUMBER(Sources!$C$335)),Sources!$C$335,"unavailable") | G54: Final test, retrospective; rising/falling = |slope| > 1 mg/dL/min | H54: — | I54: — | J54: rg.inc.rising60; rg.inc.risingn60
A55: Trend context — FINAL TEST (D-050, read once) | B55: steady, 30 min: served range coverage | C55: =IF(AND(ISNUMBER(Sources!$C$328)),Sources!$C$328,"unavailable") | D55: share | E55: — | F55: =IF(AND(ISNUMBER(Sources!$C$329)),Sources!$C$329,"unavailable") | G55: Final test, retrospective; rising/falling = |slope| > 1 mg/dL/min | H55: — | I55: — | J55: rg.inc.steady30; rg.inc.steadyn30
A56: Trend context — FINAL TEST (D-050, read once) | B56: steady, 60 min: served range coverage | C56: =IF(AND(ISNUMBER(Sources!$C$336)),Sources!$C$336,"unavailable") | D56: share | E56: — | F56: =IF(AND(ISNUMBER(Sources!$C$337)),Sources!$C$337,"unavailable") | G56: Final test, retrospective; rising/falling = |slope| > 1 mg/dL/min | H56: — | I56: — | J56: rg.inc.steady60; rg.inc.steadyn60
A57: Trend context — FINAL TEST (D-050, read once) | B57: falling, 30 min: served range coverage | C57: =IF(AND(ISNUMBER(Sources!$C$330)),Sources!$C$330,"unavailable") | D57: share | E57: — | F57: =IF(AND(ISNUMBER(Sources!$C$331)),Sources!$C$331,"unavailable") | G57: Final test, retrospective; rising/falling = |slope| > 1 mg/dL/min | H57: — | I57: — | J57: rg.inc.falling30; rg.inc.fallingn30
A58: Trend context — FINAL TEST (D-050, read once) | B58: falling, 60 min: served range coverage | C58: =IF(AND(ISNUMBER(Sources!$C$338)),Sources!$C$338,"unavailable") | D58: share | E58: — | F58: =IF(AND(ISNUMBER(Sources!$C$339)),Sources!$C$339,"unavailable") | G58: Final test, retrospective; rising/falling = |slope| > 1 mg/dL/min | H58: — | I58: — | J58: rg.inc.falling60; rg.inc.fallingn60
A61: Chart data: 80 % range coverage by evaluation (target line = 80 %)
A62: Evaluation | B62: Coverage | C62: Target
A63: Serving 30 min (test) | B63: =IF(AND(ISNUMBER(Sources!$C$79)),Sources!$C$79,"unavailable") | C63: =Sources!$C$493
A64: Serving 60 min (test) | B64: =IF(AND(ISNUMBER(Sources!$C$85)),Sources!$C$85,"unavailable") | C64: =Sources!$C$493
A65: Nested research 30 min | B65: =IF(AND(ISNUMBER(Sources!$C$197)),Sources!$C$197,"unavailable") | C65: =Sources!$C$493
A66: Nested research 60 min | B66: =IF(AND(ISNUMBER(Sources!$C$209)),Sources!$C$209,"unavailable") | C66: =Sources!$C$493
A67: D-050 candidate 30 (not served) | B67: =IF(AND(ISNUMBER(Sources!$C$340)),Sources!$C$340,"unavailable") | C67: =Sources!$C$493
A68: D-050 candidate 60 (not served) | B68: =IF(AND(ISNUMBER(Sources!$C$345)),Sources!$C$345,"unavailable") | C68: =Sources!$C$493
A69: D-053 S 30 (not adopted) | B69: =IF(AND(ISNUMBER(Sources!$C$427)),Sources!$C$427,"unavailable") | C69: =Sources!$C$493
A70: D-053 S 60 (not adopted) | B70: =IF(AND(ISNUMBER(Sources!$C$428)),Sources!$C$428,"unavailable") | C70: =Sources!$C$493
A71: Two-hour 120 (D-043) | B71: =IF(AND(ISNUMBER(Sources!$C$244)),Sources!$C$244,"unavailable") | C71: =Sources!$C$493
A72: Two-hour pooled 120 (D-046) | B72: =IF(AND(ISNUMBER(Sources!$C$274)),Sources!$C$274,"unavailable") | C72: =Sources!$C$493
A73: External 120 (D-045) | B73: =IF(AND(ISNUMBER(Sources!$C$258)),Sources!$C$258,"unavailable") | C73: =Sources!$C$493

Sheet Studies
A1: Studies — D-043 onward, including every negative or unopened result | F1: ← About / navigation
A2: Protocol-before-run = protocol file's first git commit precedes the saved run/open time (git dates are local commit evidence, not a clinical registration). 'not opened' / 'unavailable' are never zero.
A4: Decision | B4: Experiment ID | C4: Kind | D4: Hypothesis / purpose | E4: Population and role | F4: Protocol file | G4: Protocol first commit (UTC) | H4: Run start / assessment opened (UTC) | I4: Protocol-before-run (formula) | J4: Fit budget | K4: Assessment-opening status | L4: Candidate metric | M4: Control metric | N4: Candidate − control (formula) | O4: Gate outcome (Gates sheet) | P4: Adoption decision | Q4: Negative findings / limits | R4: Report | S4: Artifact status
A5: D-032 | B5: gt-nested-2026-10-12-v1 | C5: Nested internal + external | D5: New-participant and external evidence for the procedure | E5: 14 CGMacros people held out once; 98 ShanghaiT2DM external | F5: configs/experiments/gt-nested-2026-10-12-v1.yaml | G5: 46307.632 | H5: =IF(AND(ISNUMBER(Sources!$C$223)),Sources!$C$223,"unavailable") | I5: =IF(AND(ISNUMBER(G5),ISNUMBER(H5)),IF(G5<H5,"commit precedes run","commit does NOT precede run"),"not applicable") | J5: — | K5: Opened once (internal and external) | L5: =IF(AND(ISNUMBER(Sources!$C$192)),Sources!$C$192,"unavailable") | M5: =IF(AND(ISNUMBER(Sources!$C$194)),Sources!$C$194,"unavailable") | N5: =IF(AND(ISNUMBER(L5),ISNUMBER(M5)),L5-M5,"—") | O5: — | P5: Research candidate, not promoted | Q5: Git commit of the protocol file postdates its freeze/open timestamps; the frozen protocol hash in report.json is the evidence | R5: reports/nested_benchmark_report.md | S5: local / reproducible-only (git-ignored)
A6: D-043 | B6: gt-2h-2026-10-20 | C6: Two-hour forecast + warning | D6: Does a 120-min forecast and warning work on people held out? | E6: 14 CGMacros people held out once (inspected) | F6: configs/experiments/gt-2h-2026-10-20.yaml | G6: 46315.389 | H6: =IF(AND(ISNUMBER(Sources!$C$246)),Sources!$C$246,"unavailable") | I6: =IF(AND(ISNUMBER(G6),ISNUMBER(H6)),IF(G6<H6,"commit precedes run","commit does NOT precede run"),"not applicable") | J6: Same procedure as D-032 | K6: Opened once | L6: =IF(AND(ISNUMBER(Sources!$C$228)),Sources!$C$228,"unavailable") | M6: =IF(AND(ISNUMBER(Sources!$C$229)),Sources!$C$229,"unavailable") | N6: =IF(AND(ISNUMBER(L6),ISNUMBER(M6)),L6-M6,"—") | O6: — | P6: Research only; demo model unchanged | Q6: Median lead 15 min; ranges under-cover (76.5 %) | R6: reports/two_hour_benchmark.md | S6: local / reproducible-only (git-ignored)
A7: D-044 | B7: gt-2h-clf-2026-10-20 | C7: Direct onset classifier | D7: Does a classifier trained on the event warn earlier at the same workload? | E7: Folds of D-043 | F7: configs/experiments/gt-2h-clf-2026-10-20.yaml | G7: 46315.415 | H7: =IF(AND(ISNUMBER(Sources!$C$266)),Sources!$C$266,"unavailable") | I7: =IF(AND(ISNUMBER(G7),ISNUMBER(H7)),IF(G7<H7,"commit precedes run","commit does NOT precede run"),"not applicable") | J7: Fixed settings | K7: Opened, then re-opened once (post-hoc diagnostic, reason logged) | L7: — | M7: — | N7: =IF(AND(ISNUMBER(L7),ISNUMBER(M7)),L7-M7,"—") | O7: — | P7: Rejected (negative result) | Q7: Threshold hit the grid minimum; warning active ~99 % of eligible time | R7: reports/two_hour_classifier.md | S7: local / reproducible-only (git-ignored)
A8: D-045 | B8: gt-2h-ext-2026-10-20 | C8: External two-hour | D8: Does the 120-min forecast hold on an independent cohort? | E8: 98 ShanghaiT2DM people (external) | F8: configs/experiments/gt-2h-ext-2026-10-20.yaml | G8: 46315.423 | H8: =IF(AND(ISNUMBER(Sources!$C$260)),Sources!$C$260,"unavailable") | I8: =IF(AND(ISNUMBER(G8),ISNUMBER(H8)),IF(G8<H8,"commit precedes run","commit does NOT precede run"),"not applicable") | J8: 15-min track of D-032 | K8: Second opening of the external cohort | L8: =IF(AND(ISNUMBER(Sources!$C$251)),Sources!$C$251,"unavailable") | M8: =IF(AND(ISNUMBER(Sources!$C$252)),Sources!$C$252,"unavailable") | N8: =IF(AND(ISNUMBER(L8),ISNUMBER(M8)),L8-M8,"—") | O8: — | P8: Research only | Q8: CGM only; not the fusion model | R8: reports/two_hour_external.md | S8: local / reproducible-only (git-ignored)
A9: D-046 | B9: gt-warn-range-2026-10-20 | C9: Re-analysis of saved D-043 predictions | D9: Earlier warning (A), pooled ranges (B), profile prior (C) | E9: Same 14 inspected people | F9: configs/experiments/gt-warn-range-2026-10-20.yaml | G9: 46315.515 | H9: =IF(AND(ISNUMBER(Sources!$C$290)),Sources!$C$290,"unavailable") | I9: =IF(AND(ISNUMBER(G9),ISNUMBER(H9)),IF(G9<H9,"commit precedes run","commit does NOT precede run"),"not applicable") | J9: No model refit | K9: Outer predictions read once | L9: =IF(AND(ISNUMBER(Sources!$C$274)),Sources!$C$274,"unavailable") | M9: =IF(AND(ISNUMBER(Sources!$C$270)),Sources!$C$270,"unavailable") | N9: =IF(AND(ISNUMBER(L9),ISNUMBER(M9)),L9-M9,"—") | O9: — | P9: B positive (not applied to serving); A and C negative | Q9: A: +0.9 pt [−5.5, +6.6]; C: CI crosses zero | R9: reports/warning_range_experiment.md | S9: local / reproducible-only (git-ignored)
A10: D-047 | B10: — | C10: Software (public synthetic mode) | D10: Not a model experiment: opt-in public synthetic demonstration | E10: Synthetic participants only | F10: — | G10: — | H10: — | I10: =IF(AND(ISNUMBER(G10),ISNUMBER(H10)),IF(G10<H10,"commit precedes run","commit does NOT precede run"),"not applicable") | J10: — | K10: not applicable | L10: — | M10: — | N10: =IF(AND(ISNUMBER(L10),ISNUMBER(M10)),L10-M10,"—") | O10: — | P10: Implemented; not deployed | Q10: No performance claim | R10: docs/deploy.md | S10: —
A11: D-048 | B11: gt-blend-2026-10-21 | C11: Saved-prediction blend | D11: Does a LightGBM/CatBoost blend lower 60-min error by ≥ 0.5? | E11: 12 development people (inner out-of-fold) | F11: configs/experiments/gt-blend-2026-10-21.yaml | G11: 46315.63 | H11: =IF(AND(ISNUMBER(Sources!$C$299)),Sources!$C$299,"unavailable") | I11: =IF(AND(ISNUMBER(G11),ISNUMBER(H11)),IF(G11<H11,"commit precedes run","commit does NOT precede run"),"not applicable") | J11: No fit (saved predictions) | K11: NOT OPENED (stop rule: target not met) | L11: =IF(AND(ISNUMBER(Sources!$C$297),ISNUMBER(Sources!$C$291)),Sources!$C$297-Sources!$C$291,"unavailable") | M11: =IF(AND(ISNUMBER(Sources!$C$297)),Sources!$C$297,"unavailable") | N11: =IF(AND(ISNUMBER(L11),ISNUMBER(M11)),L11-M11,"—") | O11: =Gates!$G$35 | P11: Target not met; incumbent retained | Q11: Gain 0.02 mg/dL vs needed 0.5 | R11: docs/decisions.md D-048 | S11: local / reproducible-only (git-ignored)
A12: D-049 | B12: gt-retrain-2026-10-21 | C12: Retraining arms | D12: Do weighting or history features lower 60-min error by ≥ 0.5? | E12: 12 development people (inner out-of-fold) | F12: configs/experiments/gt-retrain-2026-10-21.yaml | G12: 46315.708 | H12: =IF(AND(ISNUMBER(Sources!$C$318)),Sources!$C$318,"unavailable") | I12: =IF(AND(ISNUMBER(G12),ISNUMBER(H12)),IF(G12<H12,"commit precedes run","commit does NOT precede run"),"not applicable") | J12: 24 fresh fits, fixed settings | K12: NOT OPENED (no arm met the gate) | L12: — | M12: — | N12: =IF(AND(ISNUMBER(L12),ISNUMBER(M12)),L12-M12,"—") | O12: =Gates!$G$36 | P12: B0 retained | Q12: Best arm B1 gain 0.41 < 0.5; descriptive population-only result is after selection | R12: reports/retrain_study.md | S12: local / reproducible-only (git-ignored)
A13: D-050 | B13: gt-ranges-2026-10-21 | C13: Range shape study | D13: Does a trend-stratified range beat the global range before test? | E13: Serving pipeline; validation→calibration (pre-test), test read once | F13: configs/experiments/gt-ranges-2026-10-21.yaml | G13: 46315.736 | H13: =IF(AND(ISNUMBER(Sources!$C$350)),Sources!$C$350,"unavailable") | I13: =IF(AND(ISNUMBER(G13),ISNUMBER(H13)),IF(G13<H13,"commit precedes run","commit does NOT precede run"),"not applicable") | J13: No model refit | K13: Final test read once, retrospective (inspected segment) | L13: =IF(AND(ISNUMBER(Sources!$C$345)),Sources!$C$345,"unavailable") | M13: =IF(AND(ISNUMBER(Sources!$C$332)),Sources!$C$332,"unavailable") | N13: =IF(AND(ISNUMBER(L13),ISNUMBER(M13)),L13-M13,"—") | O13: =Gates!$G$37 | P13: G kept; pooled calibration is a research candidate only | Q13: Candidate coverage is on inspected data — not the served interval | R13: reports/serving_ranges_study.md | S13: local / reproducible-only (git-ignored)
A14: D-051 | B14: gt-tune-2026-10-21 | C14: Nested tuning | D14: Does tuned 24-h history (C1) beat equally tuned current features (C0)? | E14: 14 people held out once (inspected) | F14: configs/experiments/gt-tune-2026-10-21.yaml | G14: 46315.739 | H14: =IF(AND(ISNUMBER(Sources!$C$367)),Sources!$C$367,"unavailable") | I14: =IF(AND(ISNUMBER(G14),ISNUMBER(H14)),IF(G14<H14,"commit precedes run","commit does NOT precede run"),"not applicable") | J14: 30 seeded trials per horizon (implemented budget) | K14: Outer folds opened once | L14: =IF(AND(ISNUMBER(Sources!$C$352)),Sources!$C$352,"unavailable") | M14: =IF(AND(ISNUMBER(Sources!$C$351)),Sources!$C$351,"unavailable") | N14: =IF(AND(ISNUMBER(L14),ISNUMBER(M14)),L14-M14,"—") | O14: =Gates!$G$38 | P14: Not adopted | Q14: Small internal gain vs equally tuned C0 is not a release and is not the same as a comparison with the refitted serving recipe | R14: reports/tune_study.md | S14: local / reproducible-only (git-ignored)
A15: D-052 | B15: gt-joint-2026-10-21 | C15: Joint model + correction selection | D15: Does joint selection on personalised error beat R0? | E15: 14 people held out once (inspected) | F15: configs/experiments/gt-joint-2026-10-21.yaml | G15: 46315.778 | H15: =IF(AND(ISNUMBER(Sources!$C$387)),Sources!$C$387,"unavailable") | I15: =IF(AND(ISNUMBER(G15),ISNUMBER(H15)),IF(G15<H15,"commit precedes run","commit does NOT precede run"),"not applicable") | J15: 1,570 fits | K15: Outer folds opened once | L15: =IF(AND(ISNUMBER(Sources!$C$368)),Sources!$C$368,"unavailable") | M15: =IF(AND(ISNUMBER(Sources!$C$371)),Sources!$C$371,"unavailable") | N15: =IF(AND(ISNUMBER(L15),ISNUMBER(M15)),L15-M15,"—") | O15: =Gates!$G$39 | P15: Not adopted | Q15: High-target +1.70 > 1.0; warning guardrails failed; mixed-fit range erratum | R15: reports/joint_study.md | S15: local / reproducible-only (git-ignored)
A16: D-053 | B16: gt-constrained-2026-10-21 | C16: Constrained (peak-aware) selection | D16: Can selection constrained on high-target error and workload beat R0? | E16: 14 people held out once (inspected) | F16: configs/experiments/gt-constrained-2026-10-21.yaml | G16: 46316.71 | H16: =IF(AND(ISNUMBER(Sources!$C$429)),Sources!$C$429,"unavailable") | I16: =IF(AND(ISNUMBER(G16),ISNUMBER(H16)),IF(G16<H16,"commit precedes run","commit does NOT precede run"),"not applicable") | J16: 1,490 logical / 2,930 physical fits | K16: Assessment opened once | L16: =IF(AND(ISNUMBER(Sources!$C$390)),Sources!$C$390,"unavailable") | M16: =IF(AND(ISNUMBER(Sources!$C$392)),Sources!$C$392,"unavailable") | N16: =IF(AND(ISNUMBER(L16),ISNUMBER(M16)),L16-M16,"—") | O16: =Gates!$G$40 | P16: NOT ADOPTED (primary gate failed) | Q16: High-target worsening +1.0658 vs +1.0 limit | R16: reports/constrained_study.md | S16: local / reproducible-only (git-ignored)
A17: D-054 | B17: gt-foundation-2026-10-21 | C17: Zero-shot foundation baseline | D17: Does a pretrained time-series model beat the tuned tree? | E17: 14 people, all eligible origins (inspected) | F17: configs/experiments/gt-foundation-2026-10-21.yaml | G17: 46316.667 | H17: =IF(AND(ISNUMBER(Sources!$C$451)),Sources!$C$451,"unavailable") | I17: =IF(AND(ISNUMBER(G17),ISNUMBER(H17)),IF(G17<H17,"commit precedes run","commit does NOT precede run"),"not applicable") | J17: No fit (zero-shot); one descriptive residual template | K17: Scored once | L17: =IF(AND(ISNUMBER(Sources!$C$432)),Sources!$C$432,"unavailable") | M17: =IF(AND(ISNUMBER(Sources!$C$436)),Sources!$C$436,"unavailable") | N17: =IF(AND(ISNUMBER(L17),ISNUMBER(M17)),L17-M17,"—") | O17: — | P17: Not served; descriptive | Q17: Not better than refitted recipe; worse above 180; pretraining data may include public CGM | R17: reports/foundation_baseline.md | S17: local / reproducible-only (git-ignored)

Sheet Gates
A1: Gates — the declared rules applied to unrounded saved values | F1: ← About / navigation
A2: Value column holds the unrounded source value (display format may round). Result = formula; 'Saved outcome' = the artifact's own flag. A study passes only if every criterion row passes.
A4: Study | B4: Gate group | C4: Criterion (as declared) | D4: Metric value (unrounded) | E4: Comparator | F4: Limit | G4: Result (formula) | H4: Saved outcome | I4: Agrees with saved? | J4: Sign convention / note | K4: Source IDs
A5: D-048 | B5: Development target | C5: Selected alpha improves 60-min dev MAE vs alpha = 1 by ≥ 0.5 mg/dL | D5: =IF(AND(ISNUMBER(Sources!$C$291)),Sources!$C$291,"unavailable") | E5: >= | F5: 0.5 | G5: =IF(ISNUMBER(D5),IF(D5>=F5,"PASS","FAIL"),"FAIL (undefined)") | H5: — | I5: — | J5: Improvement positive = gain (alpha = 1 minus selected) | K5: blend.improvement_60
A6: D-048 | B6: Guardrail | C6: 30-min worsening ≤ 0.25 | D6: =IF(AND(ISNUMBER(Sources!$C$292)),Sources!$C$292,"unavailable") | E6: <= | F6: 0.25 | G6: =IF(ISNUMBER(D6),IF(D6<=F6,"PASS","FAIL"),"FAIL (undefined)") | H6: — | I6: — | J6: Candidate − control | K6: blend.worsening_30
A7: D-048 | B7: Guardrail | C7: High-glucose 60-min worsening ≤ 1.0 | D7: =IF(AND(ISNUMBER(Sources!$C$293)),Sources!$C$293,"unavailable") | E7: <= | F7: 1 | G7: =IF(ISNUMBER(D7),IF(D7<=F7,"PASS","FAIL"),"FAIL (undefined)") | H7: — | I7: — | J7: Candidate − control | K7: blend.high_worsening_60
A8: D-048 | B8: Guardrail | C8: Availability drop ≤ 0.5 points | D8: =IF(AND(ISNUMBER(Sources!$C$294)),Sources!$C$294,"unavailable") | E8: <= | F8: 0.5 | G8: =IF(ISNUMBER(D8),IF(D8<=F8,"PASS","FAIL"),"FAIL (undefined)") | H8: — | I8: — | K8: blend.availability_drop_points
A9: D-049 | B9: Gate (A1) | C9: A1 60-min personalised gain vs B0 ≥ 0.5 | D9: =IF(AND(ISNUMBER(Sources!$C$300)),Sources!$C$300,"unavailable") | E9: >= | F9: 0.5 | G9: =IF(ISNUMBER(D9),IF(D9>=F9,"PASS","FAIL"),"FAIL (undefined)") | H9: — | I9: — | J9: Gain positive = lower error (B0 − arm) | K9: rt.A1.gain_60
A10: D-049 | B10: Gate (A2) | C10: A2 60-min personalised gain vs B0 ≥ 0.5 | D10: =IF(AND(ISNUMBER(Sources!$C$305)),Sources!$C$305,"unavailable") | E10: >= | F10: 0.5 | G10: =IF(ISNUMBER(D10),IF(D10>=F10,"PASS","FAIL"),"FAIL (undefined)") | H10: — | I10: — | J10: Gain positive = lower error | K10: rt.A2.gain_60
A11: D-049 | B11: Gate (B1) | C11: B1 60-min personalised gain vs B0 ≥ 0.5 | D11: =IF(AND(ISNUMBER(Sources!$C$310)),Sources!$C$310,"unavailable") | E11: >= | F11: 0.5 | G11: =IF(ISNUMBER(D11),IF(D11>=F11,"PASS","FAIL"),"FAIL (undefined)") | H11: — | I11: — | J11: Gain positive = lower error | K11: rt.B1.gain_60
A12: D-050 | B12: Adoption (T replaces G) | C12: Pre-test mean |coverage − 0.80|: T better than G by ≥ 1.0 point | D12: =IF(AND(ISNUMBER(Sources!$C$319),ISNUMBER(Sources!$C$321)),(Sources!$C$319-Sources!$C$321)*100,"unavailable") | E12: >= | F12: 1 | G12: =IF(ISNUMBER(D12),IF(D12>=F12,"PASS","FAIL"),"FAIL (undefined)") | H12: — | I12: — | J12: G − T in points; positive = T closer to 80 % | K12: rg.err.G; rg.err.T
A13: D-050 | B13: Adoption (T replaces G) | C13: T mean width ≤ 1.15 × G width | D13: =IF(AND(ISNUMBER(Sources!$C$322),ISNUMBER(Sources!$C$320)),Sources!$C$322/Sources!$C$320,"unavailable") | E13: <= | F13: 1.15 | G13: =IF(ISNUMBER(D13),IF(D13<=F13,"PASS","FAIL"),"FAIL (undefined)") | H13: — | I13: — | J13: Ratio | K13: rg.width.T; rg.width.G
A14: D-051 | B14: Adoption | C14: C1 − C0 at 60 min ≤ −0.5 mg/dL | D14: =IF(AND(ISNUMBER(Sources!$C$355)),Sources!$C$355,"unavailable") | E14: <= | F14: -0.5 | G14: =IF(ISNUMBER(D14),IF(D14<=F14,"PASS","FAIL"),"FAIL (undefined)") | H14: — | I14: — | J14: Candidate − control (negative = gain) | K14: tu.c1c0.mean_diff
A15: D-051 | B15: Adoption | C15: Bootstrap 95 % CI upper < 0 | D15: =IF(AND(ISNUMBER(Sources!$C$357)),Sources!$C$357,"unavailable") | E15: < | F15: 0 | G15: =IF(ISNUMBER(D15),IF(D15<F15,"PASS","FAIL"),"FAIL (undefined)") | H15: — | I15: — | J15: Participant bootstrap | K15: tu.c1c0.hi
A16: D-051 | B16: Adoption | C16: 30-min worsening ≤ 0.25 | D16: =IF(AND(ISNUMBER(Sources!$C$363)),Sources!$C$363,"unavailable") | E16: <= | F16: 0.25 | G16: =IF(ISNUMBER(D16),IF(D16<=F16,"PASS","FAIL"),"FAIL (undefined)") | H16: — | I16: — | J16: Candidate − control | K16: tu.adopt.worsening_30
A17: D-051 | B17: Adoption | C17: High-glucose 60-min worsening ≤ 1.0 | D17: =IF(AND(ISNUMBER(Sources!$C$364)),Sources!$C$364,"unavailable") | E17: <= | F17: 1 | G17: =IF(ISNUMBER(D17),IF(D17<=F17,"PASS","FAIL"),"FAIL (undefined)") | H17: — | I17: — | J17: Candidate − control | K17: tu.adopt.high_worsening_60
A18: D-052 | B18: Primary | C18: S − R0 at 60 min ≤ −0.5 | D18: =IF(AND(ISNUMBER(Sources!$C$374)),Sources!$C$374,"unavailable") | E18: <= | F18: -0.5 | G18: =IF(ISNUMBER(D18),IF(D18<=F18,"PASS","FAIL"),"FAIL (undefined)") | H18: — | I18: — | J18: Candidate − control | K18: jt.gate.mean_diff_60
A19: D-052 | B19: Primary | C19: 95 % CI upper < 0 | D19: =IF(AND(ISNUMBER(Sources!$C$376)),Sources!$C$376,"unavailable") | E19: < | F19: 0 | G19: =IF(ISNUMBER(D19),IF(D19<F19,"PASS","FAIL"),"FAIL (undefined)") | H19: — | I19: — | K19: jt.gate.ci95_60_hi
A20: D-052 | B20: Primary | C20: 30-min worsening ≤ 0.25 | D20: =IF(AND(ISNUMBER(Sources!$C$377)),Sources!$C$377,"unavailable") | E20: <= | F20: 0.25 | G20: =IF(ISNUMBER(D20),IF(D20<=F20,"PASS","FAIL"),"FAIL (undefined)") | H20: — | I20: — | K20: jt.gate.worsening_30
A21: D-052 | B21: Primary | C21: High-target (> 180) 60-min worsening ≤ 1.0 | D21: =IF(AND(ISNUMBER(Sources!$C$378)),Sources!$C$378,"unavailable") | E21: <= | F21: 1 | G21: =IF(ISNUMBER(D21),IF(D21<=F21,"PASS","FAIL"),"FAIL (undefined)") | H21: — | I21: — | J21: Fails | K21: jt.gate.high_worsening_60
A22: D-052 | B22: Primary | C22: Availability drop ≤ 0.5 points | D22: =IF(AND(ISNUMBER(Sources!$C$379)),Sources!$C$379,"unavailable") | E22: <= | F22: 0.5 | G22: =IF(ISNUMBER(D22),IF(D22<=F22,"PASS","FAIL"),"FAIL (undefined)") | H22: — | I22: — | K22: jt.gate.availability_drop_points
A23: D-052 | B23: Release guardrail | C23: False alarms/observed day ≤ R0 + 0.10 | D23: =IF(AND(ISNUMBER(Sources!$C$381)),Sources!$C$381,"unavailable") | E23: <= | F23: 0.1 | G23: =IF(ISNUMBER(D23),IF(D23<=F23,"PASS","FAIL"),"FAIL (undefined)") | H23: — | I23: — | J23: S − R0 | K23: jt.rel.fa_per_day_delta
A24: D-052 | B24: Release guardrail | C24: Time in warning ≤ R0 + 2.0 points | D24: =IF(AND(ISNUMBER(Sources!$C$382)),Sources!$C$382,"unavailable") | E24: <= | F24: 2 | G24: =IF(ISNUMBER(D24),IF(D24<=F24,"PASS","FAIL"),"FAIL (undefined)") | H24: — | I24: — | J24: S − R0 | K24: jt.rel.time_in_warning_delta_points
A25: D-052 | B25: Release guardrail | C25: Share of all onsets warned ≥ 30 min ≥ R0 − 2.0 points | D25: =IF(AND(ISNUMBER(Sources!$C$383)),Sources!$C$383,"unavailable") | E25: >= | F25: -2 | G25: =IF(ISNUMBER(D25),IF(D25>=F25,"PASS","FAIL"),"FAIL (undefined)") | H25: — | I25: — | J25: S − R0 | K25: jt.rel.warned30_delta_points
A26: D-053 | B26: Primary | C26: S − R0 at 60 min ≤ −0.5 (inclusive) | D26: =IF(AND(ISNUMBER(Sources!$C$401)),Sources!$C$401,"unavailable") | E26: <= | F26: -0.5 | G26: =IF(ISNUMBER(D26),IF(D26<=F26,"PASS","FAIL"),"FAIL (undefined)") | H26: =Sources!$C$402 | I26: =IF(OR(H26="unavailable",H26=""),"n/a",IF((G26="PASS")=(UPPER(H26)="TRUE"),"agrees","DIFFERS")) | J26: Candidate − control | K26: cs.pg.mean_diff_60; cs.pgok.mean_diff_60
A27: D-053 | B27: Primary | C27: Paired bootstrap 95 % CI upper < 0 (strict) | D27: =IF(AND(ISNUMBER(Sources!$C$403)),Sources!$C$403,"unavailable") | E27: < | F27: 0 | G27: =IF(ISNUMBER(D27),IF(D27<F27,"PASS","FAIL"),"FAIL (undefined)") | H27: =Sources!$C$404 | I27: =IF(OR(H27="unavailable",H27=""),"n/a",IF((G27="PASS")=(UPPER(H27)="TRUE"),"agrees","DIFFERS")) | J27: 2,000 resamples | K27: cs.pg.ci95_60_hi; cs.pgok.ci95_upper_below_0
A28: D-053 | B28: Primary | C28: 30-min worsening ≤ +0.25 (inclusive) | D28: =IF(AND(ISNUMBER(Sources!$C$405)),Sources!$C$405,"unavailable") | E28: <= | F28: 0.25 | G28: =IF(ISNUMBER(D28),IF(D28<=F28,"PASS","FAIL"),"FAIL (undefined)") | H28: =Sources!$C$406 | I28: =IF(OR(H28="unavailable",H28=""),"n/a",IF((G28="PASS")=(UPPER(H28)="TRUE"),"agrees","DIFFERS")) | K28: cs.pg.worsening_30; cs.pgok.worsening_30
A29: D-053 | B29: Primary | C29: High-target (> 180) 60-min worsening ≤ +1.0 (inclusive) | D29: =IF(AND(ISNUMBER(Sources!$C$407)),Sources!$C$407,"unavailable") | E29: <= | F29: 1 | G29: =IF(ISNUMBER(D29),IF(D29<=F29,"PASS","FAIL"),"FAIL (undefined)") | H29: =Sources!$C$408 | I29: =IF(OR(H29="unavailable",H29=""),"n/a",IF((G29="PASS")=(UPPER(H29)="TRUE"),"agrees","DIFFERS")) | J29: Unrounded ≈ +1.0658 > +1.0 → FAIL at any display rounding | K29: cs.pg.high_worsening_60; cs.pgok.high_worsening_60
A30: D-053 | B30: Primary | C30: Availability drop ≤ 0.5 points | D30: =IF(AND(ISNUMBER(Sources!$C$409)),Sources!$C$409,"unavailable") | E30: <= | F30: 0.5 | G30: =IF(ISNUMBER(D30),IF(D30<=F30,"PASS","FAIL"),"FAIL (undefined)") | H30: =Sources!$C$410 | I30: =IF(OR(H30="unavailable",H30=""),"n/a",IF((G30="PASS")=(UPPER(H30)="TRUE"),"agrees","DIFFERS")) | K30: cs.pg.availability_drop_points; cs.pgok.availability_drop
A31: D-053 | B31: Operational | C31: False alarms/observed day ≤ R0-P + 0.10 | D31: =IF(AND(ISNUMBER(Sources!$C$412),ISNUMBER(Sources!$C$418)),Sources!$C$412-Sources!$C$418,"unavailable") | E31: <= | F31: 0.1 | G31: =IF(ISNUMBER(D31),IF(D31<=F31,"PASS","FAIL"),"FAIL (undefined)") | H31: — | I31: — | J31: S − R0-P | K31: cs.w.S.fa_day; cs.w.R0P.fa_day
A32: D-053 | B32: Operational | C32: Time in warning ≤ R0-P + 2.0 points | D32: =IF(AND(ISNUMBER(Sources!$C$414),ISNUMBER(Sources!$C$420)),(Sources!$C$414-Sources!$C$420)*100,"unavailable") | E32: <= | F32: 2 | G32: =IF(ISNUMBER(D32),IF(D32<=F32,"PASS","FAIL"),"FAIL (undefined)") | H32: — | I32: — | J32: S − R0-P | K32: cs.w.S.tiw; cs.w.R0P.tiw
A33: D-053 | B33: Operational | C33: Share of all onsets warned ≥ 30 min ≥ R0-P − 2.0 points | D33: =IF(AND(ISNUMBER(Sources!$C$413),ISNUMBER(Sources!$C$419)),(Sources!$C$413-Sources!$C$419)*100,"unavailable") | E33: >= | F33: -2 | G33: =IF(ISNUMBER(D33),IF(D33>=F33,"PASS","FAIL"),"FAIL (undefined)") | H33: — | I33: — | J33: S − R0-P | K33: cs.w.S.share30; cs.w.R0P.share30
A35: D-048 | B35: OVERALL | C35: All criteria above pass | G35: =IF(COUNTIF(G5:G8,"FAIL*")=0,"PASSED","FAILED") | H35: =Sources!$C$296 | J35: Not met → incumbent retained; outer folds not opened
A36: D-049 | B36: OVERALL | C36: Any arm passes its gate → that arm qualifies | G36: =IF(COUNTIF(G9:G11,"PASS")>0,"PASSED","FAILED") | J36: No arm met the gate; B0 retained; outer folds not opened
A37: D-050 | B37: OVERALL | C37: Both adoption criteria → T adopted; else G kept | G37: =IF(COUNTIF(G12:G13,"FAIL*")=0,"PASSED","FAILED") | H37: =Sources!$C$323 | J37: Saved choice G (served shape kept)
A38: D-051 | B38: OVERALL | C38: All criteria above pass | G38: =IF(COUNTIF(G14:G17,"FAIL*")=0,"PASSED","FAILED") | H38: =Sources!$C$365 | J38: Not adopted (small internal gain vs equally tuned C0 is not a release)
A39: D-052 | B39: OVERALL | C39: All criteria above pass | G39: =IF(COUNTIF(G18:G25,"FAIL*")=0,"PASSED","FAILED") | H39: =Sources!$C$380 | J39: Not adopted; serving unchanged
A40: D-053 | B40: OVERALL | C40: All criteria above pass | G40: =IF(COUNTIF(G26:G33,"FAIL*")=0,"PASSED","FAILED") | H40: =Sources!$C$426 | J40: Primary gate FAILED (high-target); operational passed; NOT ADOPTED
A41: D-053 | B41: OPERATIONAL | C41: Operational criteria pass | G41: =IF(COUNTIF(G31:G33,"FAIL*")=0,"PASSED","FAILED") | H41: =Sources!$C$424
A42: D-053 | B42: PRIMARY | C42: Primary point criteria pass | G42: =IF(COUNTIF(G26:G30,"FAIL*")=0,"PASSED","FAILED") | H42: =Sources!$C$411
A43: D-054 | B43: — | C43: No adoption gate: descriptive research baseline (F1 residual reported, not selected) | G43: not applicable

Sheet Verification
A1: Verification — what was run, where, and with what outcome | F1: ← About / navigation
A2: The latest full local matrix is dated to commit f073a10 (22 Oct); it is not a pass on any later revision. Rows marked author-reported have no saved log in the repository.
A4: Evidence class | B4: Run | C4: Suite | D4: Command (repo-relative) | E4: Tested commit | F4: Data mode | G4: Start (UTC) | H4: End (UTC) | I4: Exit | J4: Status | K4: Total | L4: Passed | M4: Failed | N4: Skipped | O4: Skip reasons | P4: Log | Q4: JUnit
A5: Saved local result (final) | B5: final_2026-10-22_145326Z | C5: backend pytest (complete) | D5: uv run pytest -q --junitxml=reports/verification/final_2026-10-22_145326Z/junit/pytest.xml | E5: f073a10f02 | F5: local | G5: 46317.623 | H5: 46317.624 | I5: 0 | J5: passed | K5: 223 | L5: 221 | M5: 0 | N5: 2 | O5: could not import 'torch': No module named 'torch' (1); compared once, from the fusion side (1) | P5: reports/verification/final_2026-10-22_145326Z/logs/pytest.log | Q5: reports/verification/final_2026-10-22_145326Z/junit/pytest.xml
A6: Saved local result (final) | B6: final_2026-10-22_145326Z | C6: python lint (ruff; untracked private audit folder excluded) | D6: uv run ruff check --extend-exclude reports/overnight_codex . | E6: f073a10f02 | F6: local | G6: 46317.624 | H6: 46317.624 | I6: 0 | J6: passed | K6: — | L6: — | M6: — | N6: — | P6: reports/verification/final_2026-10-22_145326Z/logs/ruff.log
A7: Saved local result (final) | B7: final_2026-10-22_145326Z | C7: frontend typecheck | D7: npm run typecheck | E7: f073a10f02 | F7: local | G7: 46317.624 | H7: 46317.624 | I7: 0 | J7: passed | K7: — | L7: — | M7: — | N7: — | P7: reports/verification/final_2026-10-22_145326Z/logs/typecheck.log
A8: Saved local result (final) | B8: final_2026-10-22_145326Z | C8: frontend unit (vitest) | D8: npm test -- --reporter=default --reporter=junit --outputFile.junit=reports/verification/final_2026-10-22_145326Z/junit/vitest.xml | E8: f073a10f02 | F8: local | G8: 46317.624 | H8: 46317.624 | I8: 0 | J8: passed | K8: 141 | L8: 141 | M8: 0 | N8: 0 | P8: reports/verification/final_2026-10-22_145326Z/logs/vitest.log | Q8: reports/verification/final_2026-10-22_145326Z/junit/vitest.xml
A9: Saved local result (final) | B9: final_2026-10-22_145326Z | C9: frontend production build | D9: npm run build | E9: f073a10f02 | F9: local | G9: 46317.624 | H9: 46317.624 | I9: 0 | J9: passed | K9: — | L9: — | M9: — | N9: — | P9: reports/verification/final_2026-10-22_145326Z/logs/build.log
A10: Saved local result (final) | B10: final_2026-10-22_145326Z | C10: e2e normal + recorded judge journeys | D10: npm run e2e -- --workers=1 --reporter=list,junit --output=<scratch>/final/pw/e2e | E10: f073a10f02 | F10: recorded data | G10: 46317.624 | H10: 46317.626 | I10: 0 | J10: passed | K10: 29 | L10: 29 | M10: 0 | N10: 0 | P10: reports/verification/final_2026-10-22_145326Z/logs/e2e.log | Q10: reports/verification/final_2026-10-22_145326Z/junit/e2e.xml
A11: Saved local result (final) | B11: final_2026-10-22_145326Z | C11: e2e public mode (local, synthetic) | D11: npx playwright test --config playwright.public.config.ts --workers=1 --reporter=list,junit --output=<scratch>/final/pw/public | E11: f073a10f02 | F11: synthetic | G11: 46317.626 | H11: 46317.626 | I11: 0 | J11: passed | K11: 4 | L11: 4 | M11: 0 | N11: 0 | P11: reports/verification/final_2026-10-22_145326Z/logs/e2e-public.log | Q11: reports/verification/final_2026-10-22_145326Z/junit/e2e-public.xml
A12: Saved local result (final) | B12: final_2026-10-22_145326Z | C12: e2e summary/export | D12: npx playwright test --config playwright.summary.config.ts --workers=1 --reporter=list,junit --output=<scratch>/final/pw/summary | E12: f073a10f02 | F12: local | G12: 46317.626 | H12: 46317.626 | I12: 0 | J12: passed | K12: 3 | L12: 3 | M12: 0 | N12: 0 | P12: reports/verification/final_2026-10-22_145326Z/logs/e2e-summary.log | Q12: reports/verification/final_2026-10-22_145326Z/junit/e2e-summary.xml
A13: Saved local result (final) | B13: final_2026-10-22_145326Z | C13: selected-claim consistency (evidence manifest) | D13: uv run python scripts/evidence_manifest.py | E13: f073a10f02 | F13: local | G13: 46317.626 | H13: 46317.626 | I13: 0 | J13: passed | K13: — | L13: — | M13: — | N13: — | P13: reports/verification/final_2026-10-22_145326Z/logs/evidence_manifest.log
A14: Saved local result (final) | B14: final_2026-10-22_145326Z | C14: README/submission consistency | D14: uv run python scripts/check_submission.py | E14: f073a10f02 | F14: local | G14: 46317.626 | H14: 46317.626 | I14: 0 | J14: passed | K14: — | L14: — | M14: — | N14: — | P14: reports/verification/final_2026-10-22_145326Z/logs/check_submission.log
A15: Saved local result (final) | B15: final_2026-10-22_145326Z | C15: D-053 runner validate (read-only, saved artifacts) | D15: uv run python scripts/constrained_study.py validate | E15: f073a10f02 | F15: local | G15: 46317.626 | H15: 46317.626 | I15: 0 | J15: passed | K15: — | L15: — | M15: — | N15: — | P15: reports/verification/final_2026-10-22_145326Z/logs/constrained_validate.log
A16: Saved local result (final) | B16: final_2026-10-22_145326Z | C16: serving parity: registered incumbent, new output path | D16: uv run python scripts/serving_parity.py --output reports/verification/final_2026-10-22_145326Z/parity/serving_parity.json --detail-output <scratch>/final/parity/serving_parity_detail.json | E16: f073a10f02 | F16: recorded data | G16: 46317.626 | H16: 46317.627 | I16: 0 | J16: passed | K16: — | L16: — | M16: — | N16: — | P16: reports/verification/final_2026-10-22_145326Z/logs/parity.log
A17: Saved local result (parity) | B17: reports/serving_parity.json | C17: App replay vs saved offline test forecasts | D17: uv run python scripts/serving_parity.py | E17: — | F17: recorded data | I17: — | J17: =Sources!$C$180 | K17: =Sources!$C$174 | L17: =Sources!$C$173 | M17: =Sources!$C$176 | N17: — | O17: tolerance 0.05 mg/dL (API displays 0.1 mg/dL) | P17: reports/serving_parity.json | Q17: —
A18: Saved local result (parity) | B18: final ledger parity copy | C18: App replay vs saved offline test forecasts | D18: uv run python scripts/serving_parity.py | E18: — | F18: recorded data | I18: — | J18: =Sources!$C$189 | K18: =Sources!$C$183 | L18: =Sources!$C$182 | M18: =Sources!$C$185 | N18: — | O18: tolerance 0.05 mg/dL (API displays 0.1 mg/dL) | P18: reports/verification/final_2026-10-22_145326Z/parity/serving_parity.json | Q18: —
A19: History (earlier ledger; failures preserved) | B19: overnight | C19: python lint | D19: uv run ruff check . | E19: fd87ca2746 | F19: local | G19: 46316.669 | H19: 46316.669 | I19: 0 | J19: passed | K19: — | L19: — | M19: — | N19: — | P19: reports/verification/overnight/baseline/logs/ruff.log
A20: History (earlier ledger; failures preserved) | B20: overnight | C20: backend pytest (complete) | D20: uv run pytest -q --junitxml=.claude/worktrees/qa/reports/verification/overnight/baseline/junit/pytest.xml | E20: fd87ca2746 | F20: local | G20: 46316.669 | H20: 46316.67 | I20: 0 | J20: passed | K20: 148 | L20: 147 | M20: 0 | N20: 1 | O20: compared once, from the fusion side (1) | P20: reports/verification/overnight/baseline/logs/pytest.log | Q20: reports/verification/overnight/baseline/junit/pytest.xml
A21: History (earlier ledger; failures preserved) | B21: overnight | C21: frontend typecheck | D21: npm run typecheck | E21: fd87ca2746 | F21: local | G21: 46316.67 | H21: 46316.67 | I21: 0 | J21: passed | K21: — | L21: — | M21: — | N21: — | P21: reports/verification/overnight/baseline/logs/typecheck.log
A22: History (earlier ledger; failures preserved) | B22: overnight | C22: frontend unit (vitest) | D22: npm test -- --reporter=default --reporter=junit --outputFile.junit=.claude/worktrees/qa/reports/verification/overnight/baseline/junit/vitest.xml | E22: fd87ca2746 | F22: local | G22: 46316.67 | H22: 46316.67 | I22: 0 | J22: passed | K22: 131 | L22: 131 | M22: 0 | N22: 0 | P22: reports/verification/overnight/baseline/logs/vitest.log | Q22: reports/verification/overnight/baseline/junit/vitest.xml
A23: History (earlier ledger; failures preserved) | B23: overnight | C23: frontend production build | D23: npm run build | E23: fd87ca2746 | F23: local | G23: 46316.67 | H23: 46316.67 | I23: 0 | J23: passed | K23: — | L23: — | M23: — | N23: — | P23: reports/verification/overnight/baseline/logs/build.log
A24: History (earlier ledger; failures preserved) | B24: overnight | C24: e2e normal + recorded judge journeys | D24: npm run e2e -- --reporter=list,junit | E24: fd87ca2746 | F24: recorded data | G24: 46316.67 | H24: 46316.672 | I24: 1 | J24: failed | K24: 27 | L24: 26 | M24: 1 | N24: 0 | P24: reports/verification/overnight/baseline/logs/e2e.log | Q24: reports/verification/overnight/baseline/junit/e2e.xml
A25: History (earlier ledger; failures preserved) | B25: overnight | C25: e2e public mode (local, synthetic) | D25: npx playwright test --config playwright.public.config.ts --reporter=list,junit | E25: fd87ca2746 | F25: synthetic | G25: 46316.672 | H25: 46316.672 | I25: 0 | J25: passed | K25: 4 | L25: 4 | M25: 0 | N25: 0 | P25: reports/verification/overnight/baseline/logs/e2e-public.log | Q25: reports/verification/overnight/baseline/junit/e2e-public.xml
A26: History (earlier ledger; failures preserved) | B26: overnight | C26: e2e summary/export | D26: npx playwright test --config playwright.summary.config.ts --reporter=list,junit | E26: fd87ca2746 | F26: local | G26: 46316.672 | H26: 46316.672 | I26: 0 | J26: passed | K26: 3 | L26: 3 | M26: 0 | N26: 0 | P26: reports/verification/overnight/baseline/logs/e2e-summary.log | Q26: reports/verification/overnight/baseline/junit/e2e-summary.xml
A27: History (earlier ledger; failures preserved) | B27: overnight | C27: README/submission consistency | D27: uv run python scripts/check_submission.py | E27: fd87ca2746 | F27: local | G27: 46316.672 | H27: 46316.672 | I27: 0 | J27: passed | K27: — | L27: — | M27: — | N27: — | P27: reports/verification/overnight/baseline/logs/check_submission.log
A28: History (earlier ledger; failures preserved) | B28: overnight | C28: selected-claim consistency (evidence manifest) | D28: uv run python scripts/evidence_manifest.py | E28: fd87ca2746 | F28: local | G28: 46316.672 | H28: 46316.672 | I28: 0 | J28: passed | K28: — | L28: — | M28: — | N28: — | P28: reports/verification/overnight/baseline/logs/evidence_manifest.log
A29: History (earlier ledger; failures preserved) | B29: overnight | C29: e2e confirmation: journey.spec.ts review summary (single bounded rerun) | D29: npx playwright test --config playwright.config.ts e2e/journey.spec.ts -g frozen review summary with its cutoff --reporter=list,junit --output=<scratch>/pw-confirm | E29: fd87ca2746 | F29: local | G29: 46316.673 | H29: 46316.673 | I29: 0 | J29: passed | K29: 1 | L29: 1 | M29: 0 | N29: 0 | P29: reports/verification/overnight/baseline/logs/e2e-confirm-review-summary.log | Q29: reports/verification/overnight/baseline/junit/e2e-confirm.xml
A30: History (earlier ledger; failures preserved) | B30: overnight | C30: parity: registered serving model, default model path, TEMP output | D30: uv run --frozen python scripts/serving_parity.py --output <scratch>/parity_default/serving_parity.json | E30: fd87ca2746 | F30: recorded data | G30: 46316.673 | H30: 46316.674 | I30: 0 | J30: passed | K30: — | L30: — | M30: — | N30: — | P30: reports/verification/overnight/logs/parity-default-temp.log
A31: History (earlier ledger; failures preserved) | B31: overnight | C31: parity: --model-dir option on the incumbent model dir (candidate-path smoke) | D31: uv run --frozen python scripts/serving_parity.py --model-dir artifacts/models/lightgbm.dyn-prof-v2.gt-primary-2026-10-13-fusion --output .claude/worktrees/qa/reports/verification/overnight/parity/parity_model_dir_smoke_incumbent.json | E31: fd87ca2746 | F31: recorded data | G31: 46316.674 | H31: 46316.674 | I31: 0 | J31: passed | K31: — | L31: — | M31: — | N31: — | P31: reports/verification/overnight/logs/parity-model-dir-incumbent.log
A32: History (earlier ledger; failures preserved) | B32: overnight | C32: python lint (tooling commit) | D32: uv run ruff check . | E32: b391260376 | F32: local | G32: 46316.675 | H32: 46316.675 | I32: 0 | J32: passed | K32: — | L32: — | M32: — | N32: — | P32: reports/verification/overnight/tooling/logs/ruff.log
A33: History (earlier ledger; failures preserved) | B33: overnight | C33: backend pytest complete (tooling commit) | D33: uv run pytest -q --junitxml=.claude/worktrees/qa/reports/verification/overnight/tooling/junit/pytest.xml | E33: b391260376 | F33: local | G33: 46316.675 | H33: 46316.676 | I33: 0 | J33: passed | K33: 173 | L33: 172 | M33: 0 | N33: 1 | O33: compared once, from the fusion side (1) | P33: reports/verification/overnight/tooling/logs/pytest.log | Q33: reports/verification/overnight/tooling/junit/pytest.xml
A34: History (earlier ledger; failures preserved) | B34: overnight | C34: parity: --model-dir candidate path on the incumbent model (tooling commit) | D34: uv run python scripts/serving_parity.py --model-dir artifacts/models/lightgbm.dyn-prof-v2.gt-primary-2026-10-13-fusion --output .claude/worktrees/qa/reports/verification/overnight/parity/parity_model_dir_smoke_incumbent.json | E34: b391260376 | F34: recorded data | G34: 46316.676 | H34: 46316.676 | I34: 0 | J34: passed | K34: — | L34: — | M34: — | N34: — | P34: reports/verification/overnight/tooling/logs/parity-model-dir.log
A35: History (earlier ledger; failures preserved) | B35: overnight | C35: parity: registered serving model, default model path, TEMP output (tooling commit) | D35: uv run python scripts/serving_parity.py --output <scratch>/parity_default/serving_parity.json | E35: b391260376 | F35: recorded data | G35: 46316.676 | H35: 46316.677 | I35: 0 | J35: passed | K35: — | L35: — | M35: — | N35: — | P35: reports/verification/overnight/tooling/logs/parity-default-temp.log
A36: History (earlier ledger; failures preserved) | B36: overnight | C36: environment: test_patient_level_data_and_private_notes_are_git_ignored | D36: uv run --no-sync pytest -q -p no:cacheprovider tests/test_replay_api.py::test_patient_level_data_and_private_notes_are_git_ignored | E36: b391260376 | F36: local | G36: 46316.677 | I36: 0 | J36: passed | K36: 1 | L36: 1 | M36: 0 | N36: 0
A37: History (earlier ledger; failures preserved) | B37: overnight | C37: tracked-file side effects of the baseline matrix | E37: b391260376 | F37: local | G37: 46316.677 | J37: passed | K37: — | L37: — | M37: — | N37: —
A38: History (earlier ledger; failures preserved) | B38: overnight | C38: python lint (ledger fixes commit) | D38: uv run ruff check . | E38: 622ff0e42b | F38: local | G38: 46316.712 | H38: 46316.712 | I38: 0 | J38: passed | K38: — | L38: — | M38: — | N38: — | P38: reports/verification/overnight/tooling/logs/ruff-622ff0e.log
A39: History (earlier ledger; failures preserved) | B39: overnight | C39: backend pytest complete (ledger fixes commit) | D39: uv run pytest -q --junitxml=.claude/worktrees/qa/reports/verification/overnight/tooling/junit/pytest-622ff0e.xml | E39: 622ff0e42b | F39: local | G39: 46316.712 | H39: 46316.713 | I39: 0 | J39: passed | K39: 177 | L39: 176 | M39: 0 | N39: 1 | O39: compared once, from the fusion side (1) | P39: reports/verification/overnight/tooling/logs/pytest-622ff0e.log | Q39: reports/verification/overnight/tooling/junit/pytest-622ff0e.xml
A40: History (earlier ledger; failures preserved) | B40: overnight | C40: I python lint | D40: uv run ruff check . | E40: c9b610085a | F40: local | G40: 46316.918 | H40: 46316.918 | I40: 0 | J40: passed | K40: — | L40: — | M40: — | N40: — | P40: reports/verification/overnight/integrated/logs/ruff.log
A41: History (earlier ledger; failures preserved) | B41: overnight | C41: I backend pytest (complete) | D41: uv run pytest -q --junitxml=.claude/worktrees/qa/reports/verification/overnight/integrated/junit/pytest.xml | E41: c9b610085a | F41: local | G41: 46316.918 | H41: 46316.919 | I41: 1 | J41: failed | K41: 223 | L41: 219 | M41: 2 | N41: 2 | O41: could not import 'torch': No module named 'torch' (1); compared once, from the fusion side (1) | P41: reports/verification/overnight/integrated/logs/pytest.log | Q41: reports/verification/overnight/integrated/junit/pytest.xml
A42: History (earlier ledger; failures preserved) | B42: overnight | C42: I frontend typecheck | D42: npm run typecheck | E42: c9b610085a | F42: local | G42: 46316.919 | H42: 46316.919 | I42: 0 | J42: passed | K42: — | L42: — | M42: — | N42: — | P42: reports/verification/overnight/integrated/logs/typecheck.log
A43: History (earlier ledger; failures preserved) | B43: overnight | C43: I frontend unit (vitest) | D43: npm test -- --reporter=default --reporter=junit --outputFile.junit=.claude/worktrees/qa/reports/verification/overnight/integrated/junit/vitest.xml | E43: c9b610085a | F43: local | G43: 46316.919 | H43: 46316.919 | I43: 0 | J43: passed | K43: 133 | L43: 133 | M43: 0 | N43: 0 | P43: reports/verification/overnight/integrated/logs/vitest.log | Q43: reports/verification/overnight/integrated/junit/vitest.xml
A44: History (earlier ledger; failures preserved) | B44: overnight | C44: I frontend production build | D44: npm run build | E44: c9b610085a | F44: local | G44: 46316.919 | H44: 46316.919 | I44: 0 | J44: passed | K44: — | L44: — | M44: — | N44: — | P44: reports/verification/overnight/integrated/logs/build.log
A45: History (earlier ledger; failures preserved) | B45: overnight | C45: I e2e normal + recorded judge journeys | D45: npm run e2e -- --reporter=list,junit --output=<scratch>/pw-out/i-e2e | E45: c9b610085a | F45: recorded data | G45: 46316.919 | H45: 46316.921 | I45: 0 | J45: passed | K45: 29 | L45: 29 | M45: 0 | N45: 0 | P45: reports/verification/overnight/integrated/logs/e2e.log | Q45: reports/verification/overnight/integrated/junit/e2e.xml
A46: History (earlier ledger; failures preserved) | B46: overnight | C46: I e2e public mode (local, synthetic) | D46: npx playwright test --config playwright.public.config.ts --reporter=list,junit --output=<scratch>/pw-out/i-public | E46: c9b610085a | F46: synthetic | G46: 46316.921 | H46: 46316.921 | I46: 0 | J46: passed | K46: 4 | L46: 4 | M46: 0 | N46: 0 | P46: reports/verification/overnight/integrated/logs/e2e-public.log | Q46: reports/verification/overnight/integrated/junit/e2e-public.xml
A47: History (earlier ledger; failures preserved) | B47: overnight | C47: I e2e summary/export | D47: npx playwright test --config playwright.summary.config.ts --reporter=list,junit --output=<scratch>/pw-out/i-summary | E47: c9b610085a | F47: local | G47: 46316.921 | H47: 46316.921 | I47: 0 | J47: passed | K47: 3 | L47: 3 | M47: 0 | N47: 0 | P47: reports/verification/overnight/integrated/logs/e2e-summary.log | Q47: reports/verification/overnight/integrated/junit/e2e-summary.xml
A48: History (earlier ledger; failures preserved) | B48: overnight | C48: I README/submission consistency | D48: uv run python scripts/check_submission.py | E48: c9b610085a | F48: local | G48: 46316.921 | H48: 46316.921 | I48: 0 | J48: passed | K48: — | L48: — | M48: — | N48: — | P48: reports/verification/overnight/integrated/logs/check_submission.log
A49: History (earlier ledger; failures preserved) | B49: overnight | C49: I selected-claim consistency (evidence manifest) | D49: uv run python scripts/evidence_manifest.py | E49: c9b610085a | F49: local | G49: 46316.921 | H49: 46316.921 | I49: 0 | J49: passed | K49: — | L49: — | M49: — | N49: — | P49: reports/verification/overnight/integrated/logs/evidence_manifest.log
A50: History (earlier ledger; failures preserved) | B50: overnight | C50: I D-053 runner validate (read-only) | D50: uv run python scripts/constrained_study.py validate | E50: c9b610085a | F50: local | G50: 46316.921 | H50: 46316.921 | I50: 0 | J50: passed | K50: — | L50: — | M50: — | N50: — | P50: reports/verification/overnight/integrated/logs/constrained_validate.log
A51: History (earlier ledger; failures preserved) | B51: overnight | C51: I parity: incumbent default path, TEMP output | D51: uv run python scripts/serving_parity.py --output <scratch>/i-parity/serving_parity.json | E51: c9b610085a | F51: recorded data | G51: 46316.921 | H51: 46316.922 | I51: 0 | J51: passed | K51: — | L51: — | M51: — | N51: — | P51: reports/verification/overnight/integrated/logs/parity-default-temp.log
A52: History (earlier ledger; failures preserved) | B52: overnight | C52: I candidate serving parity | E52: b2d76b3b8c | F52: recorded data | G52: 46316.922 | J52: not run | K52: — | L52: — | M52: — | N52: —
A53: History (earlier ledger; failures preserved) | B53: overnight | C53: I diagnosis: pytest evidence_manifest failures | E53: b2d76b3b8c | F53: local | G53: 46316.922 | J53: failed | K53: — | L53: — | M53: — | N53: —
A54: History (earlier ledger; failures preserved) | B54: overnight | C54: I note: tracked side effects | E54: b2d76b3b8c | F54: local | G54: 46316.922 | J54: passed | K54: — | L54: — | M54: — | N54: —
A55: Author-reported (logs not saved) | B55: fresh clone, 23 Oct | C55: pytest / vitest / e2e on a fresh clone | D55: make test; make test-web; make e2e | E55: unknown | F55: synthetic | I55: — | J55: author-reported | K55: — | L55: vitest 141; e2e 16 | M55: — | N55: e2e 13 | O55: — | P55: not saved | Q55: not saved
A56: Author-reported (no saved CI log) | B56: GitHub Actions CI | C56: ruff, pytest, web jobs | D56: .github/workflows/ci.yml | E56: — | F56: synthetic | I56: — | J56: author-reported | K56: — | L56: — | M56: — | N56: — | O56: — | P56: not saved | Q56: —

Sheet Guardrails
A1: Guardrails — non-numerical behaviour mapped to code and saved tests | F1: ← About / navigation
A2: 'tested' requires a named test that passed in the saved JUnit of the f073a10 ledger; code alone gives 'implemented'.
A4: Guardrail | B4: Claim | C4: Code / config | D4: Test(s) | E4: Saved result (JUnit, f073a10) | F4: Status | G4: Note
A5: Availability cutoff | B5: Only data available at the issue time is used (labs, meals, wearable, late readings) | C5: ml/glucotwin/features.py; ml/glucotwin/data/canonical.py | D5: tests.test_leakage::test_future_values_cannot_change_earlier_features tests.test_leakage::test_late_logged_meal_is_hidden_until_available tests.test_data_expansion::test_a_reading_released_late_is_invisible_before_its_availability | E5: passed | F5: tested | G5: Saved JUnit of the f073a10 ledger
A6: Native readings only | B6: Interpolated 1-minute rows never count as observations | C6: ml/glucotwin/data/cgmacros.py | D6: tests.test_leakage::test_one_minute_interpolated_rows_do_not_inflate_observations | E6: passed | F6: tested | G6: Saved JUnit of the f073a10 ledger
A7: Matured outcomes for correction | B7: The correction learns only from forecasts whose outcome is observed; never stacks | C7: ml/glucotwin/models/adaptation.py | D7: tests.test_leakage::test_sixty_minute_residual_matures_only_when_target_is_available tests.test_leakage::test_corrections_never_stack_on_corrected_predictions | E7: passed | F7: tested | G7: Saved JUnit of the f073a10 ledger
A8: Bounded correction | B8: ≥ 6 matured outcomes, ±25 mg/dL cap, reset after a 3-h gap | C8: ml/glucotwin/models/adaptation.py; configs/experiment.yaml | D8: tests.test_replay_api::test_personalization_reports_its_bound_and_reset_gap | E8: passed | F8: tested | G8: Saved JUnit of the f073a10 ledger
A9: Abstention | B9: No forecast with insufficient history; nulls, not guesses | C9: ml/glucotwin/features.py | D9: tests.test_replay_api::test_insufficient_history_abstains_with_nulls | E9: passed | F9: tested | G9: Saved JUnit of the f073a10 ledger
A10: Staleness + gap recovery | B10: A real sensor gap marks the forecast stale, the twin abstains, then recovers | C10: ml/glucotwin/features.py; services/api/glucotwin_api/replay.py | D10: e2e: Participant 12: a real sensor gap, abstention without a made-up forecast, then recovery e2e: Participant 12: stale glucose before the gap closes, then abstention | E10: passed | F10: tested | G10: Saved JUnit of the f073a10 ledger
A11: Fusion needs its health record | B11: The profile model abstains until every profile value is available | C11: ml/glucotwin/features.py | D11: tests.test_leakage::test_profile_model_is_gated_until_every_profile_value_is_available | E11: passed | F11: tested | G11: Saved JUnit of the f073a10 ledger
A12: Rewind / revision consistency | B12: Seeking back removes future state; forward replay equals reset + seek | C12: services/api/glucotwin_api/replay.py | D12: tests.test_replay_api::test_seek_backward_removes_future_state_and_invalidates_cursors tests.test_replay_api::test_forward_replay_equals_reset_and_seek | E12: passed | F12: tested | G12: Saved JUnit of the f073a10 ledger
A13: Immutable forecast identity | B13: A served forecast keeps its identity and value (parity with the saved offline forecast) | C13: services/api/glucotwin_api/replay.py; scripts/serving_parity.py | D13: tests.test_v2_preserved::test_model_bundle_reproduces_saved_adaptive_forecasts[gt-primary-2026-10-13-fusion] | E13: passed | F13: tested | G13: Saved JUnit of the f073a10 ledger
A14: Frozen review snapshot | B14: A review summary is one session revision and clock; the copy stays frozen | C14: services/api/glucotwin_api/snapshot.py | D14: tests.test_replay_api::test_review_snapshot_is_one_session_revision_and_clock e2e: Participant 01, Day 9 20:38: a pending warning with a long review note; the copy stays frozen | E14: passed | F14: tested | G14: Saved JUnit of the f073a10 ledger
A15: Warning outcome pending | B15: A warning stays pending until its outcome is observable; gaps censor it | C15: ml/glucotwin/evaluation/alerts.py | D15: tests.test_corrections::test_outcome_stays_pending_until_follow_up_is_observable_and_gaps_censor_it e2e: Participant 01: a warning is pending until its outcome is knowable | E15: passed | F15: tested | G15: Saved JUnit of the f073a10 ledger
... A20: No treatment advice / no LLM predictions | B20: No insulin advice, triage or LLM-generated predictions | C20: apps/web; services/api (code inspection) | D20: — | E20: no test cited | F20: implemented | G20: Absence of a feature; code inspection only

Sheet About
A1: GlucoTwin research evidence workbook
A3: Built | B3: 2026-10-24 08:26 UTC from repository HEAD 07a7eac (working tree may differ)
A4: What it is | B4: A judge-readable evidence companion: every public claim → saved source value → visible calculation. Not a new experiment; nothing was fitted or re-opened to build it.
A5: Not | B5: Not clinical validation. A source match shows a number was reported faithfully, not that GlucoTwin helps patients.
A6: Serving test wording | B6: Later recordings of the same 14 people (final test segment) — never 'unseen patients'.
A7: Missing evidence | B7: 'unavailable' / 'not opened' / 'pending' are shown as text, never as 0.
A8: Provenance | B8: Most full artifacts are git-ignored (artifacts/): marked 'local / reproducible-only'. Values are stored here with locators and SHA-256 so they can be checked after re-running the recorded-data path.
A9: Rebuild | B9: uv run --group docs python scripts/build_research_workbook.py ; check: uv run --group docs python scripts/check_research_workbook.py
A10: Method note | B10: docs/submission/GlucoTwin_Research_Workbook_Methodology.md
A12: Sheets
A13: ClaimIndex | B13: Primary view: claims, status, evidence, checks
A14: Sources | B14: Every source value once, with locator and hash
A15: Cohorts | B15: Who each result counts
A16: Forecasts | B16: Errors by evaluation, model and horizon (+ chart)
A17: WarningRanges | B17: Warning denominators, notice shares, range coverage (+ chart)
A18: Studies | B18: D-032, D-043 … D-054 ledger incl. negative and unopened results
A19: Gates | B19: Declared gates on unrounded values
A20: Verification | B20: Test runs, commits, logs; author-reported rows marked
A21: Guardrails | B21: Behaviour → code → saved test
A23: Status meanings
A24: supported | B24: The stated value or fact matches a saved artifact, report or dataset record named in Sources.
A25: supported-arithmetic | B25: Follows by arithmetic from stated definitions (formula shown); no experiment involved.
A26: tested | B26: Behaviour covered by a test that passed in the saved test record (JUnit) named in the row.
A27: implemented | B27: Present in code or configuration only; no saved passing test is cited for the behaviour.
A28: negative-result | B28: A saved study result that did not meet its declared bar; reported as negative, not as a gain.
A29: author-reported | B29: Stated by the team without a saved log, artifact or primary source in the repository.
A30: proposed/illustrative | B30: A proposal, scenario or illustration; not an evidential claim.
A31: pending | B31: Evidence is not on this installation or a primary-source check is still to be done.
A32: unsupported/contradicted | B32: The saved source disagrees with the stated value, or no support exists.
